 49 100
  10.  1.  0.  0. 10 2
  10.  3.  0.  0. 10 2
  10.  5.  0.  0. 10 2
  10.  7.  0.  0. 10 2
  10.  9.  0.  0. 10 2
  10.  11.  0.000237860528  0.000237860528 10 2
  10.  13.  0.000495081244  0.000495081244 10 2
  10.  15.  0.00148753019  0.00148753019 10 2
  10.  17.  0.00323868776  0.00323868776 10 2
  10.  19.  0.00102970353  0.00102970353 10 2
  10.  21.  0.000400772755  0.000400772755 10 2
  10.  23.  0.00022350582  0.00022350582 10 2
  10.  25.  0.000156136419  0.000156136419 10 2
  10.  27.  0.000127499647  0.000127499647 10 2
  10.  29.  0.000116915398  0.000116915398 10 2
  10.  31.  0.000116874806  0.000116874806 10 2
  10.  33.  0.000124554979  0.000124554979 10 2
  10.  35.  0.000139016847  0.000139016847 10 2
  10.  37.  0.000160210606  0.000160210606 10 2
  10.  39.  0.000189021433  0.000189021433 10 2
  10.  41.  0.000227259428  0.000227259428 10 2
  10.  43.  0.000276091334  0.000276091334 10 2
  10.  45.  0.000333067321  0.000333067321 10 2
  10.  47.  0.000388352346  0.000388352346 10 2
  10.  49.  0.000423834921  0.000423834921 10 2
  10.  51.  0.000422705081  0.000422705081 10 2
  10.  53.  0.000384889048  0.000384889048 10 2
  10.  55.  0.000327044399  0.000327044399 10 2
  10.  57.  0.0002671291  0.0002671291 10 2
  10.  59.  0.00021487553  0.00021487553 10 2
  10.  61.  0.000172814631  0.000172814631 10 2
  10.  63.  0.000140070886  0.000140070886 10 2
  10.  65.  0.000114815615  0.000114815615 10 2
  10.  67.  9.5279458E-05  9.5279458E-05 10 2
  10.  69.  8.00343551E-05  8.00343551E-05 10 2
  10.  71.  6.8002817E-05  6.8002817E-05 10 2
  10.  73.  5.8392121E-05  5.8392121E-05 10 2
  10.  75.  5.06226243E-05  5.06226243E-05 10 2
  10.  77.  4.42691889E-05  4.42691889E-05 10 2
  10.  79.  3.90175883E-05  3.90175883E-05 10 2
  10.  81.  3.46332054E-05  3.46332054E-05 10 2
  10.  83.  3.0938998E-05  3.0938998E-05 10 2
  10.  85.  2.77998297E-05  2.77998297E-05 10 2
  10.  87.  2.51114434E-05  2.51114434E-05 10 2
  10.  89.  2.27925429E-05  2.27925429E-05 10 2
  10.  91.  2.07790999E-05  2.07790999E-05 10 2
  10.  93.  1.9020199E-05  1.9020199E-05 10 2
  10.  95.  1.74749912E-05  1.74749912E-05 10 2
  10.  97.  1.61104326E-05  1.61104326E-05 10 2
  10.  99.  1.48995632E-05  1.48995632E-05 10 2
  10.  101.  1.38202449E-05  1.38202449E-05 10 2
  10.  103.  1.28541551E-05  1.28541551E-05 10 2
  10.  105.  1.19860379E-05  1.19860379E-05 10 2
  10.  107.  1.12031084E-05  1.12031084E-05 10 2
  10.  109.  1.04945966E-05  1.04945966E-05 10 2
  10.  111.  9.85137194E-06  9.85137194E-06 10 2
  10.  113.  9.26565917E-06  9.26565917E-06 10 2
  10.  115.  8.73080444E-06  8.73080444E-06 10 2
  10.  117.  8.24108702E-06  8.24108702E-06 10 2
  10.  119.  7.79156653E-06  7.79156653E-06 10 2
  10.  121.  7.37795835E-06  7.37795835E-06 10 2
  10.  123.  6.99653492E-06  6.99653492E-06 10 2
  10.  125.  6.64403888E-06  6.64403888E-06 10 2
  10.  127.  6.31761441E-06  6.31761441E-06 10 2
  10.  129.  6.01474949E-06  6.01474949E-06 10 2
  10.  131.  5.73322677E-06  5.73322677E-06 10 2
  10.  133.  5.47108493E-06  5.47108493E-06 10 2
  10.  135.  5.22658183E-06  5.22658183E-06 10 2
  10.  137.  4.9981677E-06  4.9981677E-06 10 2
  10.  139.  4.78445872E-06  4.78445872E-06 10 2
  10.  141.  4.58421755E-06  4.58421755E-06 10 2
  10.  143.  4.39633232E-06  4.39633232E-06 10 2
  10.  145.  4.21980531E-06  4.21980531E-06 10 2
  10.  147.  4.05373839E-06  4.05373839E-06 10 2
  10.  149.  3.89731895E-06  3.89731895E-06 10 2
  10.  151.  3.749813E-06  3.749813E-06 10 2
  10.  153.  3.61055322E-06  3.61055322E-06 10 2
  10.  155.  3.47893615E-06  3.47893615E-06 10 2
  10.  157.  3.35441086E-06  3.35441086E-06 10 2
  10.  159.  3.236476E-06  3.236476E-06 10 2
  10.  161.  3.12467364E-06  3.12467364E-06 10 2
  10.  163.  3.01858495E-06  3.01858495E-06 10 2
  10.  165.  2.91782612E-06  2.91782612E-06 10 2
  10.  167.  2.82204542E-06  2.82204542E-06 10 2
  10.  169.  2.73091928E-06  2.73091928E-06 10 2
  10.  171.  2.64415053E-06  2.64415053E-06 10 2
  10.  173.  2.56146518E-06  2.56146518E-06 10 2
  10.  175.  2.48261017E-06  2.48261017E-06 10 2
  10.  177.  2.40735221E-06  2.40735221E-06 10 2
  10.  179.  2.3354753E-06  2.3354753E-06 10 2
  10.  181.  2.26677957E-06  2.26677957E-06 10 2
  10.  183.  2.20107927E-06  2.20107927E-06 10 2
  10.  185.  2.13820294E-06  2.13820294E-06 10 2
  10.  187.  2.07799008E-06  2.07799008E-06 10 2
  10.  189.  2.02029264E-06  2.02029264E-06 10 2
  10.  191.  1.96497172E-06  1.96497172E-06 10 2
  10.  193.  1.91189861E-06  1.91189861E-06 10 2
  10.  195.  1.86095258E-06  1.86095258E-06 10 2
  10.  197.  1.81202154E-06  1.81202154E-06 10 2
  10.  199.  1.76500032E-06  1.76500032E-06 10 2
  20.  1.  0.  0. 10 2
  20.  3.  0.  0. 10 2
  20.  5.  0.  0. 10 2
  20.  7.  0.  0. 10 2
  20.  9.  0.  0. 10 2
  20.  11.  0.000906371977  0.000906371977 10 2
  20.  13.  0.00187044742  0.00187044742 10 2
  20.  15.  0.00558967562  0.00558967562 10 2
  20.  17.  0.0121510392  0.0121510392 10 2
  20.  19.  0.00388424098  0.00388424098 10 2
  20.  21.  0.00153689273  0.00153689273 10 2
  20.  23.  0.000882417604  0.000882417604 10 2
  20.  25.  0.000637080579  0.000637080579 10 2
  20.  27.  0.000540106499  0.000540106499 10 2
  20.  29.  0.000517030596  0.000517030596 10 2
  20.  31.  0.000540416571  0.000540416571 10 2
  20.  33.  0.000598883431  0.000598883431 10 2
  20.  35.  0.000682460377  0.000682460377 10 2
  20.  37.  0.000777230365  0.000777230365 10 2
  20.  39.  0.000878001214  0.000878001214 10 2
  20.  41.  0.00100054231  0.00100054231 10 2
  20.  43.  0.00116321852  0.00116321852 10 2
  20.  45.  0.00136293599  0.00136293599 10 2
  20.  47.  0.00156197208  0.00156197208 10 2
  20.  49.  0.0016885387  0.0016885387 10 2
  20.  51.  0.00167584594  0.00167584594 10 2
  20.  53.  0.00152259017  0.00152259017 10 2
  20.  55.  0.00129292055  0.00129292055 10 2
  20.  57.  0.00105627917  0.00105627917 10 2
  20.  59.  0.000850240001  0.000850240001 10 2
  20.  61.  0.000684443396  0.000684443396 10 2
  20.  63.  0.000555334555  0.000555334555 10 2
  20.  65.  0.000455691945  0.000455691945 10 2
  20.  67.  0.000378553494  0.000378553494 10 2
  20.  69.  0.000318306498  0.000318306498 10 2
  20.  71.  0.000270716526  0.000270716526 10 2
  20.  73.  0.000232667706  0.000232667706 10 2
  20.  75.  0.00020188083  0.00020188083 10 2
  20.  77.  0.000176683403  0.000176683403 10 2
  20.  79.  0.000155838352  0.000155838352 10 2
  20.  81.  0.000138421601  0.000138421601 10 2
  20.  83.  0.000123735314  0.000123735314 10 2
  20.  85.  0.000111246511  0.000111246511 10 2
  20.  87.  0.000100543664  0.000100543664 10 2
  20.  89.  9.1305752E-05  9.1305752E-05 10 2
  20.  91.  8.32797086E-05  8.32797086E-05 10 2
  20.  93.  7.62642012E-05  7.62642012E-05 10 2
  20.  95.  7.00976016E-05  7.00976016E-05 10 2
  20.  97.  6.46490298E-05  6.46490298E-05 10 2
  20.  99.  5.98117331E-05  5.98117331E-05 10 2
  20.  101.  5.54979015E-05  5.54979015E-05 10 2
  20.  103.  5.16348955E-05  5.16348955E-05 10 2
  20.  105.  4.81621573E-05  4.81621573E-05 10 2
  20.  107.  4.50289372E-05  4.50289372E-05 10 2
  20.  109.  4.21924415E-05  4.21924415E-05 10 2
  20.  111.  3.96163741E-05  3.96163741E-05 10 2
  20.  113.  3.72698232E-05  3.72698232E-05 10 2
  20.  115.  3.51263261E-05  3.51263261E-05 10 2
  20.  117.  3.31630945E-05  3.31630945E-05 10 2
  20.  119.  3.13604723E-05  3.13604723E-05 10 2
  20.  121.  2.97013921E-05  2.97013921E-05 10 2
  20.  123.  2.81709945E-05  2.81709945E-05 10 2
  20.  125.  2.67562955E-05  2.67562955E-05 10 2
  20.  127.  2.54459046E-05  2.54459046E-05 10 2
  20.  129.  2.42298047E-05  2.42298047E-05 10 2
  20.  131.  2.30991463E-05  2.30991463E-05 10 2
  20.  133.  2.20460934E-05  2.20460934E-05 10 2
  20.  135.  2.10636954E-05  2.10636954E-05 10 2
  20.  137.  2.01457588E-05  2.01457588E-05 10 2
  20.  139.  1.92867519E-05  1.92867519E-05 10 2
  20.  141.  1.84817291E-05  1.84817291E-05 10 2
  20.  143.  1.772625E-05  1.772625E-05 10 2
  20.  145.  1.70163275E-05  1.70163275E-05 10 2
  20.  147.  1.63483564E-05  1.63483564E-05 10 2
  20.  149.  1.57190952E-05  1.57190952E-05 10 2
  20.  151.  1.51256008E-05  1.51256008E-05 10 2
  20.  153.  1.45652075E-05  1.45652075E-05 10 2
  20.  155.  1.40354914E-05  1.40354914E-05 10 2
  20.  157.  1.35342525E-05  1.35342525E-05 10 2
  20.  159.  1.30594799E-05  1.30594799E-05 10 2
  20.  161.  1.26093382E-05  1.26093382E-05 10 2
  20.  163.  1.21821477E-05  1.21821477E-05 10 2
  20.  165.  1.17763748E-05  1.17763748E-05 10 2
  20.  167.  1.13906044E-05  1.13906044E-05 10 2
  20.  169.  1.10235424E-05  1.10235424E-05 10 2
  20.  171.  1.06739944E-05  1.06739944E-05 10 2
  20.  173.  1.03408629E-05  1.03408629E-05 10 2
  20.  175.  1.00231337E-05  1.00231337E-05 10 2
  20.  177.  9.71986628E-06  9.71986628E-06 10 2
  20.  179.  9.4301995E-06  9.4301995E-06 10 2
  20.  181.  9.15332748E-06  9.15332748E-06 10 2
  20.  183.  8.88850445E-06  8.88850445E-06 10 2
  20.  185.  8.63504283E-06  8.63504283E-06 10 2
  20.  187.  8.39230051E-06  8.39230051E-06 10 2
  20.  189.  8.15967724E-06  8.15967724E-06 10 2
  20.  191.  7.93662093E-06  7.93662093E-06 10 2
  20.  193.  7.72261046E-06  7.72261046E-06 10 2
  20.  195.  7.51716379E-06  7.51716379E-06 10 2
  20.  197.  7.319828E-06  7.319828E-06 10 2
  20.  199.  7.13018153E-06  7.13018153E-06 10 2
  30.  1.  0.  0. 10 2
  30.  3.  0.  0. 10 2
  30.  5.  0.  0. 10 2
  30.  7.  0.  0. 10 2
  30.  9.  0.  0. 10 2
  30.  11.  0.00181678229  0.00181678229 10 2
  30.  13.  0.00363956648  0.00363956648 10 2
  30.  15.  0.0107525885  0.0107525885 10 2
  30.  17.  0.0232989844  0.0232989844 10 2
  30.  19.  0.00754546141  0.00754546141 10 2
  30.  21.  0.00311598601  0.00311598601 10 2
  30.  23.  0.00192184397  0.00192184397 10 2
  30.  25.  0.00145305786  0.00145305786 10 2
  30.  27.  0.00127649272  0.00127649272 10 2
  30.  29.  0.0012750231  0.0012750231 10 2
  30.  31.  0.00139156275  0.00139156275 10 2
  30.  33.  0.00159840088  0.00159840088 10 2
  30.  35.  0.00185523846  0.00185523846 10 2
  30.  37.  0.00209250534  0.00209250534 10 2
  30.  39.  0.00227407599  0.00227407599 10 2
  30.  41.  0.00245866994  0.00245866994 10 2
  30.  43.  0.0027253048  0.0027253048 10 2
  30.  45.  0.00308605353  0.00308605353 10 2
  30.  47.  0.00346239307  0.00346239307 10 2
  30.  49.  0.00369807449  0.00369807449 10 2
  30.  51.  0.00364726665  0.00364726665 10 2
  30.  53.  0.00330426497  0.00330426497 10 2
  30.  55.  0.00280336919  0.00280336919 10 2
  30.  57.  0.00229079416  0.00229079416 10 2
  30.  59.  0.00184547866  0.00184547866 10 2
  30.  61.  0.00148729677  0.00148729677 10 2
  30.  63.  0.00120827288  0.00120827288 10 2
  30.  65.  0.000992763788  0.000992763788 10 2
  30.  67.  0.000825764029  0.000825764029 10 2
  30.  69.  0.000695191964  0.000695191964 10 2
  30.  71.  0.00059193559  0.00059193559 10 2
  30.  73.  0.000509287987  0.000509287987 10 2
  30.  75.  0.000442340737  0.000442340737 10 2
  30.  77.  0.000387489301  0.000387489301 10 2
  30.  79.  0.00034206608  0.00034206608 10 2
  30.  81.  0.000304076355  0.000304076355 10 2
  30.  83.  0.000272012636  0.000272012636 10 2
  30.  85.  0.000244722643  0.000244722643 10 2
  30.  87.  0.000221315931  0.000221315931 10 2
  30.  89.  0.000201097093  0.000201097093 10 2
  30.  91.  0.000183517739  0.000183517739 10 2
  30.  93.  0.000168141079  0.000168141079 10 2
  30.  95.  0.00015461618  0.00015461618 10 2
  30.  97.  0.000142658784  0.000142658784 10 2
  30.  99.  0.000132036701  0.000132036701 10 2
  30.  101.  0.000122558893  0.000122558893 10 2
  30.  103.  0.00011406721  0.00011406721 10 2
  30.  105.  0.000106429703  0.000106429703 10 2
  30.  107.  9.95357113E-05  9.95357113E-05 10 2
  30.  109.  9.32918847E-05  9.32918847E-05 10 2
  30.  111.  8.76190097E-05  8.76190097E-05 10 2
  30.  113.  8.24495655E-05  8.24495655E-05 10 2
  30.  115.  7.77256937E-05  7.77256937E-05 10 2
  30.  117.  7.33976049E-05  7.33976049E-05 10 2
  30.  119.  6.9422269E-05  6.9422269E-05 10 2
  30.  121.  6.57623386E-05  6.57623386E-05 10 2
  30.  123.  6.23852829E-05  6.23852829E-05 10 2
  30.  125.  5.92626602E-05  5.92626602E-05 10 2
  30.  127.  5.63694884E-05  5.63694884E-05 10 2
  30.  129.  5.36838161E-05  5.36838161E-05 10 2
  30.  131.  5.11862272E-05  5.11862272E-05 10 2
  30.  133.  4.88595288E-05  4.88595288E-05 10 2
  30.  135.  4.66884594E-05  4.66884594E-05 10 2
  30.  137.  4.4659424E-05  4.4659424E-05 10 2
  30.  139.  4.27602645E-05  4.27602645E-05 10 2
  30.  141.  4.09801214E-05  4.09801214E-05 10 2
  30.  143.  3.93092268E-05  3.93092268E-05 10 2
  30.  145.  3.77388096E-05  3.77388096E-05 10 2
  30.  147.  3.62609535E-05  3.62609535E-05 10 2
  30.  149.  3.48685062E-05  3.48685062E-05 10 2
  30.  151.  3.35550067E-05  3.35550067E-05 10 2
  30.  153.  3.23145796E-05  3.23145796E-05 10 2
  30.  155.  3.11418989E-05  3.11418989E-05 10 2
  30.  157.  3.00321044E-05  3.00321044E-05 10 2
  30.  159.  2.89807704E-05  2.89807704E-05 10 2
  30.  161.  2.79838605E-05  2.79838605E-05 10 2
  30.  163.  2.70376659E-05  2.70376659E-05 10 2
  30.  165.  2.61387995E-05  2.61387995E-05 10 2
  30.  167.  2.5284151E-05  2.5284151E-05 10 2
  30.  169.  2.4470859E-05  2.4470859E-05 10 2
  30.  171.  2.36962987E-05  2.36962987E-05 10 2
  30.  173.  2.29580382E-05  2.29580382E-05 10 2
  30.  175.  2.22538438E-05  2.22538438E-05 10 2
  30.  177.  2.15816435E-05  2.15816435E-05 10 2
  30.  179.  2.09395275E-05  2.09395275E-05 10 2
  30.  181.  2.03257205E-05  2.03257205E-05 10 2
  30.  183.  1.97385834E-05  1.97385834E-05 10 2
  30.  185.  1.91765848E-05  1.91765848E-05 10 2
  30.  187.  1.86383131E-05  1.86383131E-05 10 2
  30.  189.  1.81224441E-05  1.81224441E-05 10 2
  30.  191.  1.76277536E-05  1.76277536E-05 10 2
  30.  193.  1.71530919E-05  1.71530919E-05 10 2
  30.  195.  1.66973914E-05  1.66973914E-05 10 2
  30.  197.  1.62596552E-05  1.62596552E-05 10 2
  30.  199.  1.58389466E-05  1.58389466E-05 10 2
  40.  1.  0.  0. 10 2
  40.  3.  0.  0. 10 2
  40.  5.  0.  0. 10 2
  40.  7.  0.  0. 10 2
  40.  9.  0.  0. 10 2
  40.  11.  0.00293823937  0.00293823937 10 2
  40.  13.  0.00532278093  0.00532278093 10 2
  40.  15.  0.0153829092  0.0153829092 10 2
  40.  17.  0.0331330784  0.0331330784 10 2
  40.  19.  0.0110272383  0.0110272383 10 2
  40.  21.  0.00497712055  0.00497712055 10 2
  40.  23.  0.0034915437  0.0034915437 10 2
  40.  25.  0.00276733073  0.00276733073 10 2
  40.  27.  0.00247227517  0.00247227517 10 2
  40.  29.  0.0025426168  0.0025426168 10 2
  40.  31.  0.00286835153  0.00286835153 10 2
  40.  33.  0.00338600925  0.00338600925 10 2
  40.  35.  0.00398200471  0.00398200471 10 2
  40.  37.  0.00444961572  0.00444961572 10 2
  40.  39.  0.00467176922  0.00467176922 10 2
  40.  41.  0.00480164029  0.00480164029 10 2
  40.  43.  0.00505945599  0.00505945599 10 2
  40.  45.  0.00550715532  0.00550715532 10 2
  40.  47.  0.00601930171  0.00601930171 10 2
  40.  49.  0.00633065589  0.00633065589 10 2
  40.  51.  0.00619266415  0.00619266415 10 2
  40.  53.  0.00558926864  0.00558926864 10 2
  40.  55.  0.0047366037  0.0047366037 10 2
  40.  57.  0.00387190026  0.00387190026 10 2
  40.  59.  0.00312283612  0.00312283612 10 2
  40.  61.  0.00252067647  0.00252067647 10 2
  40.  63.  0.00205135089  0.00205135089 10 2
  40.  65.  0.00168847304  0.00168847304 10 2
  40.  67.  0.00140689826  0.00140689826 10 2
  40.  69.  0.00118641695  0.00118641695 10 2
  40.  71.  0.00101179292  0.00101179292 10 2
  40.  73.  0.000871807337  0.000871807337 10 2
  40.  75.  0.000758243666  0.000758243666 10 2
  40.  77.  0.000665063038  0.000665063038 10 2
  40.  79.  0.000587790972  0.000587790972 10 2
  40.  81.  0.00052307843  0.00052307843 10 2
  40.  83.  0.000468391314  0.000468391314 10 2
  40.  85.  0.000421790377  0.000421790377 10 2
  40.  87.  0.000381775346  0.000381775346 10 2
  40.  89.  0.000347173365  0.000347173365 10 2
  40.  91.  0.000317058119  0.000317058119 10 2
  40.  93.  0.000290691241  0.000290691241 10 2
  40.  95.  0.000267478987  0.000267478987 10 2
  40.  97.  0.000246939569  0.000246939569 10 2
  40.  99.  0.000228679302  0.000228679302 10 2
  40.  101.  0.00021237394  0.00021237394 10 2
  40.  103.  0.000197754649  0.000197754649 10 2
  40.  105.  0.000184597127  0.000184597127 10 2
  40.  107.  0.000172712971  0.000172712971 10 2
  40.  109.  0.000161943113  0.000161943113 10 2
  40.  111.  0.000152152541  0.000152152541 10 2
  40.  113.  0.000143226018  0.000143226018 10 2
  40.  115.  0.000135064751  0.000135064751 10 2
  40.  117.  0.000127583611  0.000127583611 10 2
  40.  119.  0.000120709083  0.000120709083 10 2
  40.  121.  0.000114377217  0.000114377217 10 2
  40.  123.  0.000108532302  0.000108532302 10 2
  40.  125.  0.000103125618  0.000103125618 10 2
  40.  127.  9.81143385E-05  9.81143385E-05 10 2
  40.  129.  9.34608033E-05  9.34608033E-05 10 2
  40.  131.  8.91316668E-05  8.91316668E-05 10 2
  40.  133.  8.50974466E-05  8.50974466E-05 10 2
  40.  135.  8.13318984E-05  8.13318984E-05 10 2
  40.  137.  7.78116228E-05  7.78116228E-05 10 2
  40.  139.  7.45157668E-05  7.45157668E-05 10 2
  40.  141.  7.14255802E-05  7.14255802E-05 10 2
  40.  143.  6.85242994E-05  6.85242994E-05 10 2
  40.  145.  6.57967976E-05  6.57967976E-05 10 2
  40.  147.  6.32294395E-05  6.32294395E-05 10 2
  40.  149.  6.08099072E-05  6.08099072E-05 10 2
  40.  151.  5.852705E-05  5.852705E-05 10 2
  40.  153.  5.63707254E-05  5.63707254E-05 10 2
  40.  155.  5.43317583E-05  5.43317583E-05 10 2
  40.  157.  5.2401756E-05  5.2401756E-05 10 2
  40.  159.  5.05730823E-05  5.05730823E-05 10 2
  40.  161.  4.8838745E-05  4.8838745E-05 10 2
  40.  163.  4.71923522E-05  4.71923522E-05 10 2
  40.  165.  4.56280541E-05  4.56280541E-05 10 2
  40.  167.  4.41404663E-05  4.41404663E-05 10 2
  40.  169.  4.27246414E-05  4.27246414E-05 10 2
  40.  171.  4.13760354E-05  4.13760354E-05 10 2
  40.  173.  4.00904501E-05  4.00904501E-05 10 2
  40.  175.  3.88640037E-05  3.88640037E-05 10 2
  40.  177.  3.76931275E-05  3.76931275E-05 10 2
  40.  179.  3.65745072E-05  3.65745072E-05 10 2
  40.  181.  3.55050652E-05  3.55050652E-05 10 2
  40.  183.  3.44819637E-05  3.44819637E-05 10 2
  40.  185.  3.35025543E-05  3.35025543E-05 10 2
  40.  187.  3.2564385E-05  3.2564385E-05 10 2
  40.  189.  3.1665164E-05  3.1665164E-05 10 2
  40.  191.  3.08027629E-05  3.08027629E-05 10 2
  40.  193.  2.99751919E-05  2.99751919E-05 10 2
  40.  195.  2.91805991E-05  2.91805991E-05 10 2
  40.  197.  2.84172547E-05  2.84172547E-05 10 2
  40.  199.  2.76835362E-05  2.76835362E-05 10 2
  50.  1.  0.  0. 10 2
  50.  3.  0.  0. 10 2
  50.  5.  0.  0. 10 2
  50.  7.  0.  0. 10 2
  50.  9.  0.  0. 10 2
  50.  11.  0.004754995  0.004754995 10 2
  50.  13.  0.0065692584  0.0065692584 10 2
  50.  15.  0.0181850549  0.0181850549 10 2
  50.  17.  0.0387313478  0.0387313478 10 2
  50.  19.  0.0136228763  0.0136228763 10 2
  50.  21.  0.00722489646  0.00722489646 10 2
  50.  23.  0.00606538728  0.00606538728 10 2
  50.  25.  0.00495676231  0.00495676231 10 2
  50.  27.  0.00436418271  0.00436418271 10 2
  50.  29.  0.00451399805  0.00451399805 10 2
  50.  31.  0.00517738797  0.00517738797 10 2
  50.  33.  0.00620904425  0.00620904425 10 2
  50.  35.  0.00735327136  0.00735327136 10 2
  50.  37.  0.00814651325  0.00814651325 10 2
  50.  39.  0.00831685774  0.00831685774 10 2
  50.  41.  0.00818239246  0.00818239246 10 2
  50.  43.  0.00821740739  0.00821740739 10 2
  50.  45.  0.00858531706  0.00858531706 10 2
  50.  47.  0.00911510736  0.00911510736 10 2
  50.  49.  0.00941637065  0.00941637065 10 2
  50.  51.  0.00912154745  0.00912154745 10 2
  50.  53.  0.00819577463  0.00819577463 10 2
  50.  55.  0.00693626842  0.00693626842 10 2
  50.  57.  0.00567281572  0.00567281572 10 2
  50.  59.  0.00458217273  0.00458217273 10 2
  50.  61.  0.00370599329  0.00370599329 10 2
  50.  63.  0.0030226286  0.0030226286 10 2
  50.  65.  0.00249354006  0.00249354006 10 2
  50.  67.  0.00208229246  0.00208229246 10 2
  50.  69.  0.00175966986  0.00175966986 10 2
  50.  71.  0.00150365359  0.00150365359 10 2
  50.  73.  0.00129802362  0.00129802362 10 2
  50.  75.  0.00113088987  0.00113088987 10 2
  50.  77.  0.000993502676  0.000993502676 10 2
  50.  79.  0.000879371422  0.000879371422 10 2
  50.  81.  0.000783630705  0.000783630705 10 2
  50.  83.  0.000702593825  0.000702593825 10 2
  50.  85.  0.000633435266  0.000633435266 10 2
  50.  87.  0.000573966128  0.000573966128 10 2
  50.  89.  0.000522472605  0.000522472605 10 2
  50.  91.  0.000477599388  0.000477599388 10 2
  50.  93.  0.000438264426  0.000438264426 10 2
  50.  95.  0.000403596467  0.000403596467 10 2
  50.  97.  0.000372887822  0.000372887822 10 2
  50.  99.  0.000345559209  0.000345559209 10 2
  50.  101.  0.000321133266  0.000321133266 10 2
  50.  103.  0.000299213396  0.000299213396 10 2
  50.  105.  0.000279468513  0.000279468513 10 2
  50.  107.  0.000261620153  0.000261620153 10 2
  50.  109.  0.00024543301  0.00024543301 10 2
  50.  111.  0.000230707083  0.000230707083 10 2
  50.  113.  0.000217271547  0.000217271547 10 2
  50.  115.  0.00020497985  0.00020497985 10 2
  50.  117.  0.000193705549  0.000193705549 10 2
  50.  119.  0.000183339289  0.000183339289 10 2
  50.  121.  0.000173786  0.000173786 10 2
  50.  123.  0.000164962708  0.000164962708 10 2
  50.  125.  0.000156796799  0.000156796799 10 2
  50.  127.  0.000149224419  0.000149224419 10 2
  50.  129.  0.000142189325  0.000142189325 10 2
  50.  131.  0.000135641778  0.000135641778 10 2
  50.  133.  0.000129537701  0.000129537701 10 2
  50.  135.  0.000123837817  0.000123837817 10 2
  50.  137.  0.000118507152  0.000118507152 10 2
  50.  139.  0.000113514434  0.000113514434 10 2
  50.  141.  0.000108831664  0.000108831664 10 2
  50.  143.  0.000104433602  0.000104433602 10 2
  50.  145.  0.000100297642  0.000100297642 10 2
  50.  147.  9.64032879E-05  9.64032879E-05 10 2
  50.  149.  9.2732058E-05  9.2732058E-05 10 2
  50.  151.  8.92672033E-05  8.92672033E-05 10 2
  50.  153.  8.59934953E-05  8.59934953E-05 10 2
  50.  155.  8.28971024E-05  8.28971024E-05 10 2
  50.  157.  7.99654299E-05  7.99654299E-05 10 2
  50.  159.  7.71869745E-05  7.71869745E-05 10 2
  50.  161.  7.45512152E-05  7.45512152E-05 10 2
  50.  163.  7.20485259E-05  7.20485259E-05 10 2
  50.  165.  6.96701027E-05  6.96701027E-05 10 2
  50.  167.  6.74078183E-05  6.74078183E-05 10 2
  50.  169.  6.52542221E-05  6.52542221E-05 10 2
  50.  171.  6.32024457E-05  6.32024457E-05 10 2
  50.  173.  6.12461736E-05  6.12461736E-05 10 2
  50.  175.  5.93795448E-05  5.93795448E-05 10 2
  50.  177.  5.75971535E-05  5.75971535E-05 10 2
  50.  179.  5.58940155E-05  5.58940155E-05 10 2
  50.  181.  5.42654707E-05  5.42654707E-05 10 2
  50.  183.  5.27072298E-05  5.27072298E-05 10 2
  50.  185.  5.12152947E-05  5.12152947E-05 10 2
  50.  187.  4.97859546E-05  4.97859546E-05 10 2
  50.  189.  4.84157463E-05  4.84157463E-05 10 2
  50.  191.  4.71014428E-05  4.71014428E-05 10 2
  50.  193.  4.584005E-05  4.584005E-05 10 2
  50.  195.  4.46287522E-05  4.46287522E-05 10 2
  50.  197.  4.34649337E-05  4.34649337E-05 10 2
  50.  199.  4.23461315E-05  4.23461315E-05 10 2
  60.  1.  0.  0. 10 2
  60.  3.  0.  0. 10 2
  60.  5.  0.  0. 10 2
  60.  7.  0.  0. 10 2
  60.  9.  0.  0. 10 2
  60.  11.  0.00878912304  0.00878912304 10 2
  60.  13.  0.00733486842  0.00733486842 10 2
  60.  15.  0.0186539125  0.0186539125 10 2
  60.  17.  0.0388775021  0.0388775021 10 2
  60.  19.  0.0152323125  0.0152323125 10 2
  60.  21.  0.0103399288  0.0103399288 10 2
  60.  23.  0.0104865562  0.0104865562 10 2
  60.  25.  0.00862504449  0.00862504449 10 2
  60.  27.  0.00728150317  0.00728150317 10 2
  60.  29.  0.00739812385  0.00739812385 10 2
  60.  31.  0.008485673  0.008485673 10 2
  60.  33.  0.0102284197  0.0102284197 10 2
  60.  35.  0.0121340184  0.0121340184 10 2
  60.  37.  0.0133361034  0.0133361034 10 2
  60.  39.  0.0133180693  0.0133180693 10 2
  60.  41.  0.0126421386  0.0126421386 10 2
  60.  43.  0.0121664954  0.0121664954 10 2
  60.  45.  0.012217314  0.012217314 10 2
  60.  47.  0.0125860348  0.0125860348 10 2
  60.  49.  0.0127505325  0.0127505325 10 2
  60.  51.  0.012216731  0.012216731 10 2
  60.  53.  0.0109210704  0.0109210704 10 2
  60.  55.  0.00922936574  0.00922936574 10 2
  60.  57.  0.00755328592  0.00755328592 10 2
  60.  59.  0.0061122831  0.0061122831 10 2
  60.  61.  0.0049554538  0.0049554538 10 2
  60.  63.  0.00405242154  0.00405242154 10 2
  60.  65.  0.00335210003  0.00335210003 10 2
  60.  67.  0.00280663371  0.00280663371 10 2
  60.  69.  0.00237775198  0.00237775198 10 2
  60.  71.  0.00203662389  0.00203662389 10 2
  60.  73.  0.00176199805  0.00176199805 10 2
  60.  75.  0.00153828016  0.00153828016 10 2
  60.  77.  0.00135397795  0.00135397795 10 2
  60.  79.  0.00120055256  0.00120055256 10 2
  60.  81.  0.00107159279  0.00107159279 10 2
  60.  83.  0.000962232356  0.000962232356 10 2
  60.  85.  0.000868734845  0.000868734845 10 2
  60.  87.  0.000788200647  0.000788200647 10 2
  60.  89.  0.000718355761  0.000718355761 10 2
  60.  91.  0.000657398603  0.000657398603 10 2
  60.  93.  0.000603888882  0.000603888882 10 2
  60.  95.  0.000556664483  0.000556664483 10 2
  60.  97.  0.000514780404  0.000514780404 10 2
  60.  99.  0.000477461756  0.000477461756 10 2
  60.  101.  0.000444068923  0.000444068923 10 2
  60.  103.  0.000414070062  0.000414070062 10 2
  60.  105.  0.000387020322  0.000387020322 10 2
  60.  107.  0.000362545281  0.000362545281 10 2
  60.  109.  0.000340327882  0.000340327882 10 2
  60.  111.  0.000320098537  0.000320098537 10 2
  60.  113.  0.000301626686  0.000301626686 10 2
  60.  115.  0.000284714159  0.000284714159 10 2
  60.  117.  0.000269190001  0.000269190001 10 2
  60.  119.  0.000254905986  0.000254905986 10 2
  60.  121.  0.000241733331  0.000241733331 10 2
  60.  123.  0.000229559373  0.000229559373 10 2
  60.  125.  0.000218285481  0.000218285481 10 2
  60.  127.  0.000207824865  0.000207824865 10 2
  60.  129.  0.000198101028  0.000198101028 10 2
  60.  131.  0.000189046201  0.000189046201 10 2
  60.  133.  0.000180600284  0.000180600284 10 2
  60.  135.  0.000172709726  0.000172709726 10 2
  60.  137.  0.000165326826  0.000165326826 10 2
  60.  139.  0.000158408831  0.000158408831 10 2
  60.  141.  0.000151917455  0.000151917455 10 2
  60.  143.  0.000145818223  0.000145818223 10 2
  60.  145.  0.000140080112  0.000140080112 10 2
  60.  147.  0.000134675138  0.000134675138 10 2
  60.  149.  0.000129577937  0.000129577937 10 2
  60.  151.  0.000124765516  0.000124765516 10 2
  60.  153.  0.00012021701  0.00012021701 10 2
  60.  155.  0.000115913434  0.000115913434 10 2
  60.  157.  0.000111837478  0.000111837478 10 2
  60.  159.  0.000107973348  0.000107973348 10 2
  60.  161.  0.000104306571  0.000104306571 10 2
  60.  163.  0.00010082392  0.00010082392 10 2
  60.  165.  9.7513228E-05  9.7513228E-05 10 2
  60.  167.  9.4363364E-05  9.4363364E-05 10 2
  60.  169.  9.1364047E-05  9.1364047E-05 10 2
  60.  171.  8.85058034E-05  8.85058034E-05 10 2
  60.  173.  8.57799096E-05  8.57799096E-05 10 2
  60.  175.  8.31783327E-05  8.31783327E-05 10 2
  60.  177.  8.06935714E-05  8.06935714E-05 10 2
  60.  179.  7.83187497E-05  7.83187497E-05 10 2
  60.  181.  7.6047465E-05  7.6047465E-05 10 2
  60.  183.  7.38737581E-05  7.38737581E-05 10 2
  60.  185.  7.17921357E-05  7.17921357E-05 10 2
  60.  187.  6.97974392E-05  6.97974392E-05 10 2
  60.  189.  6.78848955E-05  6.78848955E-05 10 2
  60.  191.  6.60500373E-05  6.60500373E-05 10 2
  60.  193.  6.42887244E-05  6.42887244E-05 10 2
  60.  195.  6.2597057E-05  6.2597057E-05 10 2
  60.  197.  6.09714189E-05  6.09714189E-05 10 2
  60.  199.  5.94084013E-05  5.94084013E-05 10 2
  70.  1.  0.  0. 10 2
  70.  3.  0.  0. 10 2
  70.  5.  0.  0. 10 2
  70.  7.  0.  0. 10 2
  70.  9.  0.  0. 10 2
  70.  11.  0.0179898944  0.0179898944 10 2
  70.  13.  0.00793450791  0.00793450791 10 2
  70.  15.  0.0172042865  0.0172042865 10 2
  70.  17.  0.0343504064  0.0343504064 10 2
  70.  19.  0.0164058059  0.0164058059 10 2
  70.  21.  0.0151113272  0.0151113272 10 2
  70.  23.  0.0178367011  0.0178367011 10 2
  70.  25.  0.0145020057  0.0145020057 10 2
  70.  27.  0.0115809785  0.0115809785 10 2
  70.  29.  0.0113650244  0.0113650244 10 2
  70.  31.  0.0128647387  0.0128647387 10 2
  70.  33.  0.0154534653  0.0154534653 10 2
  70.  35.  0.0182881132  0.0182881132 10 2
  70.  37.  0.0199478623  0.0199478623 10 2
  70.  39.  0.0195788927  0.0195788927 10 2
  70.  41.  0.0180610064  0.0180610064 10 2
  70.  43.  0.0167603139  0.0167603139 10 2
  70.  45.  0.0162258577  0.0162258577 10 2
  70.  47.  0.0162243843  0.0162243843 10 2
  70.  49.  0.0161056463  0.0161056463 10 2
  70.  51.  0.015251088  0.015251088 10 2
  70.  53.  0.0135587156  0.0135587156 10 2
  70.  55.  0.0114412559  0.0114412559 10 2
  70.  57.  0.00937160756  0.00937160756 10 2
  70.  59.  0.00760013191  0.00760013191 10 2
  70.  61.  0.00617902353  0.00617902353 10 2
  70.  63.  0.00506852847  0.00506852847 10 2
  70.  65.  0.00420563715  0.00420563715 10 2
  70.  67.  0.00353193237  0.00353193237 10 2
  70.  69.  0.00300083705  0.00300083705 10 2
  70.  71.  0.00257727574  0.00257727574 10 2
  70.  73.  0.00223537744  0.00223537744 10 2
  70.  75.  0.00195613271  0.00195613271 10 2
  70.  77.  0.00172551023  0.00172551023 10 2
  70.  79.  0.00153306429  0.00153306429 10 2
  70.  81.  0.00137093803  0.00137093803 10 2
  70.  83.  0.00123315444  0.00123315444 10 2
  70.  85.  0.00111511583  0.00111511583 10 2
  70.  87.  0.00101324683  0.00101324683 10 2
  70.  89.  0.000924737949  0.000924737949 10 2
  70.  91.  0.000847359013  0.000847359013 10 2
  70.  93.  0.000779323396  0.000779323396 10 2
  70.  95.  0.000719187432  0.000719187432 10 2
  70.  97.  0.000665774511  0.000665774511 10 2
  70.  99.  0.000618118618  0.000618118618 10 2
  70.  101.  0.000575420796  0.000575420796 10 2
  70.  103.  0.000537015672  0.000537015672 10 2
  70.  105.  0.000502345734  0.000502345734 10 2
  70.  107.  0.000470941217  0.000470941217 10 2
  70.  109.  0.000442403922  0.000442403922 10 2
  70.  111.  0.000416394323  0.000416394323 10 2
  70.  113.  0.000392621994  0.000392621994 10 2
  70.  115.  0.000370836817  0.000370836817 10 2
  70.  117.  0.000350822898  0.000350822898 10 2
  70.  119.  0.00033239281  0.00033239281 10 2
  70.  121.  0.000315383368  0.000315383368 10 2
  70.  123.  0.000299651816  0.000299651816 10 2
  70.  125.  0.000285073038  0.000285073038 10 2
  70.  127.  0.000271536788  0.000271536788 10 2
  70.  129.  0.000258945685  0.000258945685 10 2
  70.  131.  0.000247213582  0.000247213582 10 2
  70.  133.  0.000236263862  0.000236263862 10 2
  70.  135.  0.000226028307  0.000226028307 10 2
  70.  137.  0.000216445987  0.000216445987 10 2
  70.  139.  0.000207462333  0.000207462333 10 2
  70.  141.  0.000199028334  0.000199028334 10 2
  70.  143.  0.000191100029  0.000191100029 10 2
  70.  145.  0.000183637647  0.000183637647 10 2
  70.  147.  0.000176605259  0.000176605259 10 2
  70.  149.  0.00016997043  0.00016997043 10 2
  70.  151.  0.000163703648  0.000163703648 10 2
  70.  153.  0.000157778137  0.000157778137 10 2
  70.  155.  0.000152169509  0.000152169509 10 2
  70.  157.  0.000146855498  0.000146855498 10 2
  70.  159.  0.000141815835  0.000141815835 10 2
  70.  161.  0.000137031835  0.000137031835 10 2
  70.  163.  0.000132486515  0.000132486515 10 2
  70.  165.  0.000128164203  0.000128164203 10 2
  70.  167.  0.000124050523  0.000124050523 10 2
  70.  169.  0.000120132237  0.000120132237 10 2
  70.  171.  0.000116397132  0.000116397132 10 2
  70.  173.  0.000112833943  0.000112833943 10 2
  70.  175.  0.000109432251  0.000109432251 10 2
  70.  177.  0.000106182444  0.000106182444 10 2
  70.  179.  0.000103075603  0.000103075603 10 2
  70.  181.  0.000100103418  0.000100103418 10 2
  70.  183.  9.72582202E-05  9.72582202E-05 10 2
  70.  185.  9.45328648E-05  9.45328648E-05 10 2
  70.  187.  9.19207159E-05  9.19207159E-05 10 2
  70.  189.  8.94155601E-05  8.94155601E-05 10 2
  70.  191.  8.70116201E-05  8.70116201E-05 10 2
  70.  193.  8.4703519E-05  8.4703519E-05 10 2
  70.  195.  8.24862218E-05  8.24862218E-05 10 2
  70.  197.  8.03550211E-05  8.03550211E-05 10 2
  70.  199.  7.83055002E-05  7.83055002E-05 10 2
  80.  1.  0.  0. 10 2
  80.  3.  0.  0. 10 2
  80.  5.  0.  0. 10 2
  80.  7.  0.  0. 10 2
  80.  9.  0.  0. 10 2
  80.  11.  0.0367012843  0.0367012843 10 2
  80.  13.  0.00896914117  0.00896914117 10 2
  80.  15.  0.0149786426  0.0149786426 10 2
  80.  17.  0.0275203958  0.0275203958 10 2
  80.  19.  0.0181408525  0.0181408525 10 2
  80.  21.  0.0224168003  0.0224168003 10 2
  80.  23.  0.0291560311  0.0291560311 10 2
  80.  25.  0.0232501496  0.0232501496 10 2
  80.  27.  0.0175416395  0.0175416395 10 2
  80.  29.  0.0164821092  0.0164821092 10 2
  80.  31.  0.0182452835  0.0182452835 10 2
  80.  33.  0.0217044391  0.0217044391 10 2
  80.  35.  0.0255445279  0.0255445279 10 2
  80.  37.  0.0276580583  0.0276580583 10 2
  80.  39.  0.0267746877  0.0267746877 10 2
  80.  41.  0.0241441634  0.0241441634 10 2
  80.  43.  0.0217341539  0.0217341539 10 2
  80.  45.  0.0203635599  0.0203635599 10 2
  80.  47.  0.0197896939  0.0197896939 10 2
  80.  49.  0.0192475375  0.0192475375 10 2
  80.  51.  0.0180055741  0.0180055741 10 2
  80.  53.  0.0159156378  0.0159156378 10 2
  80.  55.  0.0134101817  0.0134101817 10 2
  80.  57.  0.0109962057  0.0109962057 10 2
  80.  59.  0.00893980078  0.00893980078 10 2
  80.  61.  0.00729126763  0.00729126763 10 2
  80.  63.  0.00600145292  0.00600145292 10 2
  80.  65.  0.00499698939  0.00499698939 10 2
  80.  67.  0.00421061739  0.00421061739 10 2
  80.  69.  0.00358887692  0.00358887692 10 2
  80.  71.  0.00309153157  0.00309153157 10 2
  80.  73.  0.00268887775  0.00268887775 10 2
  80.  75.  0.00235905685  0.00235905685 10 2
  80.  77.  0.00208590552  0.00208590552 10 2
  80.  79.  0.00185736478  0.00185736478 10 2
  80.  81.  0.00166434387  0.00166434387 10 2
  80.  83.  0.00149991235  0.00149991235 10 2
  80.  85.  0.00135872653  0.00135872653 10 2
  80.  87.  0.00123662164  0.00123662164 10 2
  80.  89.  0.00113031757  0.00113031757 10 2
  80.  91.  0.00103720487  0.00103720487 10 2
  80.  93.  0.000955189054  0.000955189054 10 2
  80.  95.  0.000882573659  0.000882573659 10 2
  80.  97.  0.000817973691  0.000817973691 10 2
  80.  99.  0.000760249677  0.000760249677 10 2
  80.  101.  0.000708457374  0.000708457374 10 2
  80.  103.  0.000661809288  0.000661809288 10 2
  80.  105.  0.000619644241  0.000619644241 10 2
  80.  107.  0.000581404252  0.000581404252 10 2
  80.  109.  0.000546615396  0.000546615396 10 2
  80.  111.  0.000514873303  0.000514873303 10 2
  80.  113.  0.000485831231  0.000485831231 10 2
  80.  115.  0.000459190545  0.000459190545 10 2
  80.  117.  0.000434692658  0.000434692658 10 2
  80.  119.  0.00041211315  0.00041211315 10 2
  80.  121.  0.000391256151  0.000391256151 10 2
  80.  123.  0.000371950271  0.000371950271 10 2
  80.  125.  0.000354044925  0.000354044925 10 2
  80.  127.  0.000337407459  0.000337407459 10 2
  80.  129.  0.000321920583  0.000321920583 10 2
  80.  131.  0.000307480193  0.000307480193 10 2
  80.  133.  0.000293993886  0.000293993886 10 2
  80.  135.  0.000281379122  0.000281379122 10 2
  80.  137.  0.000269562239  0.000269562239 10 2
  80.  139.  0.000258477055  0.000258477055 10 2
  80.  141.  0.000248064287  0.000248064287 10 2
  80.  143.  0.000238270397  0.000238270397 10 2
  80.  145.  0.000229047277  0.000229047277 10 2
  80.  147.  0.000220351198  0.000220351198 10 2
  80.  149.  0.00021214271  0.00021214271 10 2
  80.  151.  0.000204385899  0.000204385899 10 2
  80.  153.  0.000197048183  0.000197048183 10 2
  80.  155.  0.000190099789  0.000190099789 10 2
  80.  157.  0.000183513635  0.000183513635 10 2
  80.  159.  0.000177264854  0.000177264854 10 2
  80.  161.  0.000171330772  0.000171330772 10 2
  80.  163.  0.000165690552  0.000165690552 10 2
  80.  165.  0.000160325057  0.000160325057 10 2
  80.  167.  0.000155216709  0.000155216709 10 2
  80.  169.  0.000150349268  0.000150349268 10 2
  80.  171.  0.000145707803  0.000145707803 10 2
  80.  173.  0.000141278535  0.000141278535 10 2
  80.  175.  0.000137048657  0.000137048657 10 2
  80.  177.  0.000133006382  0.000133006382 10 2
  80.  179.  0.000129140739  0.000129140739 10 2
  80.  181.  0.000125441584  0.000125441584 10 2
  80.  183.  0.000121899444  0.000121899444 10 2
  80.  185.  0.000118505566  0.000118505566 10 2
  80.  187.  0.000115251758  0.000115251758 10 2
  80.  189.  0.000112130416  0.000112130416 10 2
  80.  191.  0.000109134438  0.000109134438 10 2
  80.  193.  0.000106257176  0.000106257176 10 2
  80.  195.  0.000103492428  0.000103492428 10 2
  80.  197.  0.000100834397  0.000100834397 10 2
  80.  199.  9.82776619E-05  9.82776619E-05 10 2
  90.  1.  0.  0. 10 2
  90.  3.  0.  0. 10 2
  90.  5.  0.  0. 10 2
  90.  7.  0.  0. 10 2
  90.  9.  0.  0. 10 2
  90.  11.  0.0700348094  0.0700348094 10 2
  90.  13.  0.0111552067  0.0111552067 10 2
  90.  15.  0.0134394271  0.0134394271 10 2
  90.  17.  0.0214857478  0.0214857478 10 2
  90.  19.  0.0215260144  0.0215260144 10 2
  90.  21.  0.0329247266  0.0329247266 10 2
  90.  23.  0.0450984389  0.0450984389 10 2
  90.  25.  0.0352357328  0.0352357328 10 2
  90.  27.  0.0252508707  0.0252508707 10 2
  90.  29.  0.0226592999  0.0226592999 10 2
  90.  31.  0.024395274  0.024395274 10 2
  90.  33.  0.0286129322  0.0286129322 10 2
  90.  35.  0.0334139727  0.0334139727 10 2
  90.  37.  0.0359159596  0.0359159596 10 2
  90.  39.  0.0343809798  0.0343809798 10 2
  90.  41.  0.030447647  0.030447647 10 2
  90.  43.  0.0267277472  0.0267277472 10 2
  90.  45.  0.0243337657  0.0243337657 10 2
  90.  47.  0.0230286941  0.0230286941 10 2
  90.  49.  0.0219546389  0.0219546389 10 2
  90.  51.  0.0202871598  0.0202871598 10 2
  90.  53.  0.0178277865  0.0178277865 10 2
  90.  55.  0.0150001943  0.0150001943 10 2
  90.  57.  0.0123159522  0.0123159522 10 2
  90.  59.  0.0100405924  0.0100405924 10 2
  90.  61.  0.00821770262  0.00821770262 10 2
  90.  63.  0.00678941607  0.00678941607 10 2
  90.  65.  0.0056743375  0.0056743375 10 2
  90.  67.  0.0047987327  0.0047987327 10 2
  90.  69.  0.00410419563  0.00410419563 10 2
  90.  71.  0.00354678556  0.00354678556 10 2
  90.  73.  0.00309403474  0.00309403474 10 2
  90.  75.  0.00272200839  0.00272200839 10 2
  90.  77.  0.00241297181  0.00241297181 10 2
  90.  79.  0.00215366273  0.00215366273 10 2
  90.  81.  0.00193405873  0.00193405873 10 2
  90.  83.  0.00174650003  0.00174650003 10 2
  90.  85.  0.00158506562  0.00158506562 10 2
  90.  87.  0.0014451294  0.0014451294 10 2
  90.  89.  0.00132303871  0.00132303871 10 2
  90.  91.  0.00121588132  0.00121588132 10 2
  90.  93.  0.00112131401  0.00112131401 10 2
  90.  95.  0.00103743456  0.00103743456 10 2
  90.  97.  0.000962686667  0.000962686667 10 2
  90.  99.  0.000895787263  0.000895787263 10 2
  90.  101.  0.00083567109  0.00083567109 10 2
  90.  103.  0.000781447859  0.000781447859 10 2
  90.  105.  0.000732368673  0.000732368673 10 2
  90.  107.  0.000687800464  0.000687800464 10 2
  90.  109.  0.000647204637  0.000647204637 10 2
  90.  111.  0.000610120711  0.000610120711 10 2
  90.  113.  0.000576153514  0.000576153514 10 2
  90.  115.  0.000544961775  0.000544961775 10 2
  90.  117.  0.000516250031  0.000516250031 10 2
  90.  119.  0.000489761005  0.000489761005 10 2
  90.  121.  0.000465270306  0.000465270306 10 2
  90.  123.  0.000442580931  0.000442580931 10 2
  90.  125.  0.000421519857  0.000421519857 10 2
  90.  127.  0.000401934289  0.000401934289 10 2
  90.  129.  0.000383689068  0.000383689068 10 2
  90.  131.  0.000366664171  0.000366664171 10 2
  90.  133.  0.000350752729  0.000350752729 10 2
  90.  135.  0.000335859397  0.000335859397 10 2
  90.  137.  0.000321898842  0.000321898842 10 2
  90.  139.  0.000308794493  0.000308794493 10 2
  90.  141.  0.00029647749  0.00029647749 10 2
  90.  143.  0.000284885842  0.000284885842 10 2
  90.  145.  0.000273963436  0.000273963436 10 2
  90.  147.  0.000263659662  0.000263659662 10 2
  90.  149.  0.000253928447  0.000253928447 10 2
  90.  151.  0.000244728057  0.000244728057 10 2
  90.  153.  0.000236020423  0.000236020423 10 2
  90.  155.  0.000227770957  0.000227770957 10 2
  90.  157.  0.000219947891  0.000219947891 10 2
  90.  159.  0.000212522325  0.000212522325 10 2
  90.  161.  0.000205467659  0.000205467659 10 2
  90.  163.  0.000198759561  0.000198759561 10 2
  90.  165.  0.000192375621  0.000192375621 10 2
  90.  167.  0.000186295234  0.000186295234 10 2
  90.  169.  0.00018049941  0.00018049941 10 2
  90.  171.  0.000174970643  0.000174970643 10 2
  90.  173.  0.000169692721  0.000169692721 10 2
  90.  175.  0.000164650657  0.000164650657 10 2
  90.  177.  0.000159830583  0.000159830583 10 2
  90.  179.  0.000155219619  0.000155219619 10 2
  90.  181.  0.000150805805  0.000150805805 10 2
  90.  183.  0.000146578066  0.000146578066 10 2
  90.  185.  0.000142526056  0.000142526056 10 2
  90.  187.  0.000138640127  0.000138640127 10 2
  90.  189.  0.00013491133  0.00013491133 10 2
  90.  191.  0.000131331282  0.000131331282 10 2
  90.  193.  0.00012789217  0.00012789217 10 2
  90.  195.  0.000124586659  0.000124586659 10 2
  90.  197.  0.000121407931  0.000121407931 10 2
  90.  199.  0.000118349541  0.000118349541 10 2
  100.  1.  0.  0. 10 2
  100.  3.  0.  0. 10 2
  100.  5.  0.  0. 10 2
  100.  7.  0.  0. 10 2
  100.  9.  0.  0. 10 2
  100.  11.  0.122721009  0.122721009 10 2
  100.  13.  0.015114381  0.015114381 10 2
  100.  15.  0.013907738  0.013907738 10 2
  100.  17.  0.0190977752  0.0190977752 10 2
  100.  19.  0.0273672659  0.0273672659 10 2
  100.  21.  0.0468201451  0.0468201451 10 2
  100.  23.  0.0656339079  0.0656339079 10 2
  100.  25.  0.0503387079  0.0503387079 10 2
  100.  27.  0.0345194079  0.0345194079 10 2
  100.  29.  0.0296218842  0.0296218842 10 2
  100.  31.  0.0309299808  0.0309299808 10 2
  100.  33.  0.0356614925  0.0356614925 10 2
  100.  35.  0.0412523858  0.0412523858 10 2
  100.  37.  0.0440196171  0.0440196171 10 2
  100.  39.  0.041746024  0.041746024 10 2
  100.  41.  0.0364380442  0.0364380442 10 2
  100.  43.  0.0313308164  0.0313308164 10 2
  100.  45.  0.0278247576  0.0278247576 10 2
  100.  47.  0.0257013943  0.0257013943 10 2
  100.  49.  0.0240382869  0.0240382869 10 2
  100.  51.  0.0219448917  0.0219448917 10 2
  100.  53.  0.0191729125  0.0191729125 10 2
  100.  55.  0.016111372  0.016111372 10 2
  100.  57.  0.01324837  0.01324837 10 2
  100.  59.  0.0108336806  0.0108336806 10 2
  100.  61.  0.00890024379  0.00890024379 10 2
  100.  63.  0.00738285528  0.00738285528 10 2
  100.  65.  0.00619496172  0.00619496172 10 2
  100.  67.  0.00525911618  0.00525911618 10 2
  100.  69.  0.00451419363  0.00451419363 10 2
  100.  71.  0.00391422678  0.00391422678 10 2
  100.  73.  0.00342521234  0.00342521234 10 2
  100.  75.  0.00302203791  0.00302203791 10 2
  100.  77.  0.00268605142  0.00268605142 10 2
  100.  79.  0.00240327069  0.00240327069 10 2
  100.  81.  0.00216310006  0.00216310006 10 2
  100.  83.  0.00195741956  0.00195741956 10 2
  100.  85.  0.00177993556  0.00177993556 10 2
  100.  87.  0.00162571797  0.00162571797 10 2
  100.  89.  0.00149086327  0.00149086327 10 2
  100.  91.  0.00137225178  0.00137225178 10 2
  100.  93.  0.00126736669  0.00126736669 10 2
  100.  95.  0.0011741604  0.0011741604 10 2
  100.  97.  0.00109095301  0.00109095301 10 2
  100.  99.  0.00101635768  0.00101635768 10 2
  100.  101.  0.000949219393  0.000949219393 10 2
  100.  103.  0.000888571376  0.000888571376 10 2
  100.  105.  0.000833598955  0.000833598955 10 2
  100.  107.  0.000783611904  0.000783611904 10 2
  100.  109.  0.000738021801  0.000738021801 10 2
  100.  111.  0.000696325093  0.000696325093 10 2
  100.  113.  0.000658088538  0.000658088538 10 2
  100.  115.  0.000622937514  0.000622937514 10 2
  100.  117.  0.000590547337  0.000590547337 10 2
  100.  119.  0.000560634711  0.000560634711 10 2
  100.  121.  0.000532952079  0.000532952079 10 2
  100.  123.  0.000507282035  0.000507282035 10 2
  100.  125.  0.000483433338  0.000483433338 10 2
  100.  127.  0.000461236836  0.000461236836 10 2
  100.  129.  0.000440542761  0.000440542761 10 2
  100.  131.  0.000421217788  0.000421217788 10 2
  100.  133.  0.000403143407  0.000403143407 10 2
  100.  135.  0.000386213447  0.000386213447 10 2
  100.  137.  0.000370332971  0.000370332971 10 2
  100.  139.  0.000355416589  0.000355416589 10 2
  100.  141.  0.000341387553  0.000341387553 10 2
  100.  143.  0.000328176538  0.000328176538 10 2
  100.  145.  0.00031572103  0.00031572103 10 2
  100.  147.  0.000303964247  0.000303964247 10 2
  100.  149.  0.000292854704  0.000292854704 10 2
  100.  151.  0.000282345572  0.000282345572 10 2
  100.  153.  0.000272394274  0.000272394274 10 2
  100.  155.  0.000262961752  0.000262961752 10 2
  100.  157.  0.000254012615  0.000254012615 10 2
  100.  159.  0.00024551418  0.00024551418 10 2
  100.  161.  0.00023743663  0.00023743663 10 2
  100.  163.  0.000229752564  0.000229752564 10 2
  100.  165.  0.000222436705  0.000222436705 10 2
  100.  167.  0.000215465872  0.000215465872 10 2
  100.  169.  0.000208818645  0.000208818645 10 2
  100.  171.  0.000202475232  0.000202475232 10 2
  100.  173.  0.000196417357  0.000196417357 10 2
  100.  175.  0.000190628081  0.000190628081 10 2
  100.  177.  0.000185091762  0.000185091762 10 2
  100.  179.  0.000179793758  0.000179793758 10 2
  100.  181.  0.000174720641  0.000174720641 10 2
  100.  183.  0.000169859777  0.000169859777 10 2
  100.  185.  0.000165199468  0.000165199468 10 2
  100.  187.  0.000160728829  0.000160728829 10 2
  100.  189.  0.000156437629  0.000156437629 10 2
  100.  191.  0.000152316454  0.000152316454 10 2
  100.  193.  0.000148356354  0.000148356354 10 2
  100.  195.  0.000144549063  0.000144549063 10 2
  100.  197.  0.000140886768  0.000140886768 10 2
  100.  199.  0.000137362207  0.000137362207 10 2
  110.  1.  0.  0. 10 2
  110.  3.  0.  0. 10 2
  110.  5.  0.  0. 10 2
  110.  7.  0.  0. 10 2
  110.  9.  0.  0. 10 2
  110.  11.  0.197838366  0.197838366 10 2
  110.  13.  0.0213944893  0.0213944893 10 2
  110.  15.  0.0178358611  0.0178358611 10 2
  110.  17.  0.0235931035  0.0235931035 10 2
  110.  19.  0.0363538638  0.0363538638 10 2
  110.  21.  0.0638026893  0.0638026893 10 2
  110.  23.  0.0899741277  0.0899741277 10 2
  110.  25.  0.0679109097  0.0679109097 10 2
  110.  27.  0.0448852889  0.0448852889 10 2
  110.  29.  0.0369441472  0.0369441472 10 2
  110.  31.  0.0373703912  0.0373703912 10 2
  110.  33.  0.042267032  0.042267032 10 2
  110.  35.  0.0483666211  0.0483666211 10 2
  110.  37.  0.0512313731  0.0512313731 10 2
  110.  39.  0.0481973067  0.0481973067 10 2
  110.  41.  0.0415779278  0.0415779278 10 2
  110.  43.  0.0351463333  0.0351463333 10 2
  110.  45.  0.0305547193  0.0305547193 10 2
  110.  47.  0.0276123006  0.0276123006 10 2
  110.  49.  0.0253642537  0.0253642537 10 2
  110.  51.  0.0228849892  0.0228849892 10 2
  110.  53.  0.0198817719  0.0198817719 10 2
  110.  55.  0.0166887213  0.0166887213 10 2
  110.  57.  0.0137471231  0.0137471231 10 2
  110.  59.  0.0112786386  0.0112786386 10 2
  110.  61.  0.00930298679  0.00930298679 10 2
  110.  63.  0.00774960825  0.00774960825 10 2
  110.  65.  0.00652990537  0.00652990537 10 2
  110.  67.  0.00556560559  0.00556560559 10 2
  110.  69.  0.00479516247  0.00479516247 10 2
  110.  71.  0.00417230558  0.00417230558 10 2
  110.  73.  0.00366276666  0.00366276666 10 2
  110.  75.  0.00324118487  0.00324118487 10 2
  110.  77.  0.00288867671  0.00288867671 10 2
  110.  79.  0.0025910465  0.0025910465 10 2
  110.  81.  0.00233750627  0.00233750627 10 2
  110.  83.  0.00211976445  0.00211976445 10 2
  110.  85.  0.00193137559  0.00193137559 10 2
  110.  87.  0.00176727609  0.00176727609 10 2
  110.  89.  0.00162344554  0.00162344554 10 2
  110.  91.  0.0014966618  0.0014966618 10 2
  110.  93.  0.00138431927  0.00138431927 10 2
  110.  95.  0.00128429197  0.00128429197 10 2
  110.  97.  0.00119483261  0.00119483261 10 2
  110.  99.  0.00111449359  0.00111449359 10 2
  110.  101.  0.00104206812  0.00104206812 10 2
  110.  103.  0.000976543291  0.000976543291 10 2
  110.  105.  0.000917063793  0.000917063793 10 2
  110.  107.  0.000862903602  0.000862903602 10 2
  110.  109.  0.000813442573  0.000813442573 10 2
  110.  111.  0.000768149097  0.000768149097 10 2
  110.  113.  0.000726564904  0.000726564904 10 2
  110.  115.  0.000688293367  0.000688293367 10 2
  110.  117.  0.000652989664  0.000652989664 10 2
  110.  119.  0.000620352919  0.000620352919 10 2
  110.  121.  0.000590119511  0.000590119511 10 2
  110.  123.  0.000562058063  0.000562058063 10 2
  110.  125.  0.000535964093  0.000535964093 10 2
  110.  127.  0.000511656981  0.000511656981 10 2
  110.  129.  0.000488976424  0.000488976424 10 2
  110.  131.  0.000467779784  0.000467779784 10 2
  110.  133.  0.000447939645  0.000447939645 10 2
  110.  135.  0.000429342268  0.000429342268 10 2
  110.  137.  0.000411885383  0.000411885383 10 2
  110.  139.  0.000395477313  0.000395477313 10 2
  110.  141.  0.000380035257  0.000380035257 10 2
  110.  143.  0.000365484564  0.000365484564 10 2
  110.  145.  0.000351757626  0.000351757626 10 2
  110.  147.  0.000338793208  0.000338793208 10 2
  110.  149.  0.000326535548  0.000326535548 10 2
  110.  151.  0.000314934092  0.000314934092 10 2
  110.  153.  0.000303942652  0.000303942652 10 2
  110.  155.  0.00029351894  0.00029351894 10 2
  110.  157.  0.000283624511  0.000283624511 10 2
  110.  159.  0.000274223916  0.000274223916 10 2
  110.  161.  0.000265284762  0.000265284762 10 2
  110.  163.  0.000256777246  0.000256777246 10 2
  110.  165.  0.000248673925  0.000248673925 10 2
  110.  167.  0.000240949463  0.000240949463 10 2
  110.  169.  0.000233580591  0.000233580591 10 2
  110.  171.  0.000226545744  0.000226545744 10 2
  110.  173.  0.000219824986  0.000219824986 10 2
  110.  175.  0.000213399806  0.000213399806 10 2
  110.  177.  0.000207253092  0.000207253092 10 2
  110.  179.  0.000201368937  0.000201368937 10 2
  110.  181.  0.000195732544  0.000195732544 10 2
  110.  183.  0.000190330204  0.000190330204 10 2
  110.  185.  0.000185149052  0.000185149052 10 2
  110.  187.  0.000180177201  0.000180177201 10 2
  110.  189.  0.000175403431  0.000175403431 10 2
  110.  191.  0.00017081741  0.00017081741 10 2
  110.  193.  0.000166409329  0.000166409329 10 2
  110.  195.  0.000162170109  0.000162170109 10 2
  110.  197.  0.000158091221  0.000158091221 10 2
  110.  199.  0.000154164678  0.000154164678 10 2
  120.  1.  0.  0. 10 2
  120.  3.  0.  0. 10 2
  120.  5.  0.  0. 10 2
  120.  7.  0.  0. 10 2
  120.  9.  0.  0. 10 2
  120.  11.  0.295161068  0.295161068 10 2
  120.  13.  0.029327292  0.029327292 10 2
  120.  15.  0.023426285  0.023426285 10 2
  120.  17.  0.0311846845  0.0311846845 10 2
  120.  19.  0.0467806794  0.0467806794 10 2
  120.  21.  0.0822942629  0.0822942629 10 2
  120.  23.  0.116222247  0.116222247 10 2
  120.  25.  0.086589314  0.086589314 10 2
  120.  27.  0.0555056296  0.0555056296 10 2
  120.  29.  0.0439940244  0.0439940244 10 2
  120.  31.  0.0431306697  0.0431306697 10 2
  120.  33.  0.0478067882  0.0478067882 10 2
  120.  35.  0.0540727526  0.0540727526 10 2
  120.  37.  0.0568533204  0.0568533204 10 2
  120.  39.  0.0531132482  0.0531132482 10 2
  120.  41.  0.0453803763  0.0453803763 10 2
  120.  43.  0.0378254168  0.0378254168 10 2
  120.  45.  0.032290142  0.032290142 10 2
  120.  47.  0.028616434  0.028616434 10 2
  120.  49.  0.0258503035  0.0258503035 10 2
  120.  51.  0.0230636671  0.0230636671 10 2
  120.  53.  0.0199292116  0.0199292116 10 2
  120.  55.  0.0167133473  0.0167133473 10 2
  120.  57.  0.0137940422  0.0137940422 10 2
  120.  59.  0.0113564497  0.0113564497 10 2
  120.  61.  0.0094061289  0.0094061289 10 2
  120.  63.  0.00786957145  0.00786957145 10 2
  120.  65.  0.00665923534  0.00665923534 10 2
  120.  67.  0.00569878658  0.00569878658 10 2
  120.  69.  0.00492842169  0.00492842169 10 2
  120.  71.  0.00430319738  0.00430319738 10 2
  120.  73.  0.0037897802  0.0037897802 10 2
  120.  75.  0.00336344843  0.00336344843 10 2
  120.  77.  0.00300574303  0.00300574303 10 2
  120.  79.  0.00270274677  0.00270274677 10 2
  120.  81.  0.0024438512  0.0024438512 10 2
  120.  83.  0.00222087651  0.00222087651 10 2
  120.  85.  0.0020274464  0.0020274464 10 2
  120.  87.  0.00185853429  0.00185853429 10 2
  120.  89.  0.00171013945  0.00171013945 10 2
  120.  91.  0.00157904567  0.00157904567 10 2
  120.  93.  0.00146264466  0.00146264466 10 2
  120.  95.  0.00135880313  0.00135880313 10 2
  120.  97.  0.00126576365  0.00126576365 10 2
  120.  99.  0.00118206628  0.00118206628 10 2
  120.  101.  0.00110649108  0.00110649108 10 2
  120.  103.  0.00103801209  0.00103801209 10 2
  120.  105.  0.000975761213  0.000975761213 10 2
  120.  107.  0.000918999722  0.000918999722 10 2
  120.  109.  0.000867095951  0.000867095951 10 2
  120.  111.  0.000819506997  0.000819506997 10 2
  120.  113.  0.000775763998  0.000775763998 10 2
  120.  115.  0.000735460897  0.000735460897 10 2
  120.  117.  0.000698243675  0.000698243675 10 2
  120.  119.  0.000663803075  0.000663803075 10 2
  120.  121.  0.00063186785  0.00063186785 10 2
  120.  123.  0.000602199347  0.000602199347 10 2
  120.  125.  0.000574586738  0.000574586738 10 2
  120.  127.  0.000548843178  0.000548843178 10 2
  120.  129.  0.000524802774  0.000524802774 10 2
  120.  131.  0.000502317795  0.000502317795 10 2
  120.  133.  0.000481256167  0.000481256167 10 2
  120.  135.  0.000461499527  0.000461499527 10 2
  120.  137.  0.000442941731  0.000442941731 10 2
  120.  139.  0.000425487291  0.000425487291 10 2
  120.  141.  0.00040905003  0.00040905003 10 2
  120.  143.  0.000393552007  0.000393552007 10 2
  120.  145.  0.000378922705  0.000378922705 10 2
  120.  147.  0.000365098094  0.000365098094 10 2
  120.  149.  0.000352019997  0.000352019997 10 2
  120.  151.  0.000339635357  0.000339635357 10 2
  120.  153.  0.000327895832  0.000327895832 10 2
  120.  155.  0.000316757214  0.000316757214 10 2
  120.  157.  0.00030617899  0.00030617899 10 2
  120.  159.  0.000296124083  0.000296124083 10 2
  120.  161.  0.000286558381  0.000286558381 10 2
  120.  163.  0.000277450599  0.000277450599 10 2
  120.  165.  0.000268771779  0.000268771779 10 2
  120.  167.  0.000260495406  0.000260495406 10 2
  120.  169.  0.00025259683  0.00025259683 10 2
  120.  171.  0.00024505335  0.00024505335 10 2
  120.  173.  0.000237843924  0.000237843924 10 2
  120.  175.  0.000230949052  0.000230949052 10 2
  120.  177.  0.000224350675  0.000224350675 10 2
  120.  179.  0.000218031942  0.000218031942 10 2
  120.  181.  0.00021197724  0.00021197724 10 2
  120.  183.  0.000206172044  0.000206172044 10 2
  120.  185.  0.000200602735  0.000200602735 10 2
  120.  187.  0.00019525674  0.00019525674 10 2
  120.  189.  0.000190122213  0.000190122213 10 2
  120.  191.  0.000185188139  0.000185188139 10 2
  120.  193.  0.000180444142  0.000180444142 10 2
  120.  195.  0.000175880617  0.000175880617 10 2
  120.  197.  0.000171488457  0.000171488457 10 2
  120.  199.  0.000167259204  0.000167259204 10 2
  130.  1.  0.  0. 10 2
  130.  3.  0.  0. 10 2
  130.  5.  0.  0. 10 2
  130.  7.  0.  0. 10 2
  130.  9.  0.  0. 10 2
  130.  11.  0.41145876  0.41145876 10 2
  130.  13.  0.0390739962  0.0390739962 10 2
  130.  15.  0.0320393108  0.0320393108 10 2
  130.  17.  0.0451316722  0.0451316722 10 2
  130.  19.  0.0589849614  0.0589849614 10 2
  130.  21.  0.101179942  0.101179942 10 2
  130.  23.  0.142383322  0.142383322 10 2
  130.  25.  0.104925275  0.104925275 10 2
  130.  27.  0.0655642524  0.0655642524 10 2
  130.  29.  0.0502274595  0.0502274595 10 2
  130.  31.  0.0477546677  0.0477546677 10 2
  130.  33.  0.0518264547  0.0518264547 10 2
  130.  35.  0.0578896888  0.0578896888 10 2
  130.  37.  0.0604057424  0.0604057424 10 2
  130.  39.  0.0560770445  0.0560770445 10 2
  130.  41.  0.0475322381  0.0475322381 10 2
  130.  43.  0.0391615927  0.0391615927 10 2
  130.  45.  0.0329158828  0.0329158828 10 2
  130.  47.  0.0286704358  0.0286704358 10 2
  130.  49.  0.0255033467  0.0255033467 10 2
  130.  51.  0.022515174  0.022515174 10 2
  130.  53.  0.0193569958  0.0193569958 10 2
  130.  55.  0.0162226483  0.0162226483 10 2
  130.  57.  0.0134178689  0.0134178689 10 2
  130.  59.  0.0110872462  0.0110872462 10 2
  130.  61.  0.00922278408  0.00922278408 10 2
  130.  63.  0.00775060523  0.00775060523 10 2
  130.  65.  0.00658705039  0.00658705039 10 2
  130.  67.  0.00566011108  0.00566011108 10 2
  130.  69.  0.00491359085  0.00491359085 10 2
  130.  71.  0.00430526491  0.00430526491 10 2
  130.  73.  0.00380376936  0.00380376936 10 2
  130.  75.  0.0033857848  0.0033857848 10 2
  130.  77.  0.00303384988  0.00303384988 10 2
  130.  79.  0.00273475819  0.00273475819 10 2
  130.  81.  0.00247840956  0.00247840956 10 2
  130.  83.  0.00225699204  0.00225699204 10 2
  130.  85.  0.00206439523  0.00206439523 10 2
  130.  87.  0.00189578743  0.00189578743 10 2
  130.  89.  0.00174731109  0.00174731109 10 2
  130.  91.  0.00161585642  0.00161585642 10 2
  130.  93.  0.00149889372  0.00149889372 10 2
  130.  95.  0.00139434938  0.00139434938 10 2
  130.  97.  0.00130050897  0.00130050897 10 2
  130.  99.  0.00121594663  0.00121594663 10 2
  130.  101.  0.00113946712  0.00113946712 10 2
  130.  103.  0.00107006286  0.00107006286 10 2
  130.  105.  0.00100688008  0.00100688008 10 2
  130.  107.  0.000949190173  0.000949190173 10 2
  130.  109.  0.000896369282  0.000896369282 10 2
  130.  111.  0.000847879972  0.000847879972 10 2
  130.  113.  0.00080325763  0.00080325763 10 2
  130.  115.  0.000762098527  0.000762098527 10 2
  130.  117.  0.000724050798  0.000724050798 10 2
  130.  119.  0.000688806176  0.000688806176 10 2
  130.  121.  0.000656093995  0.000656093995 10 2
  130.  123.  0.000625675835  0.000625675835 10 2
  130.  125.  0.000597340637  0.000597340637 10 2
  130.  127.  0.000570901204  0.000570901204 10 2
  130.  129.  0.000546191062  0.000546191062 10 2
  130.  131.  0.000523061783  0.000523061783 10 2
  130.  133.  0.000501380593  0.000501380593 10 2
  130.  135.  0.000481028343  0.000481028343 10 2
  130.  137.  0.000461898046  0.000461898046 10 2
  130.  139.  0.000443893223  0.000443893223 10 2
  130.  141.  0.000426926883  0.000426926883 10 2
  130.  143.  0.000410920271  0.000410920271 10 2
  130.  145.  0.000395801995  0.000395801995 10 2
  130.  147.  0.000381507212  0.000381507212 10 2
  130.  149.  0.000367976842  0.000367976842 10 2
  130.  151.  0.000355157215  0.000355157215 10 2
  130.  153.  0.000342999119  0.000342999119 10 2
  130.  155.  0.000331457617  0.000331457617 10 2
  130.  157.  0.000320491527  0.000320491527 10 2
  130.  159.  0.0003100631  0.0003100631 10 2
  130.  161.  0.000300137646  0.000300137646 10 2
  130.  163.  0.000290683151  0.000290683151 10 2
  130.  165.  0.000281670189  0.000281670189 10 2
  130.  167.  0.000273071637  0.000273071637 10 2
  130.  169.  0.000264862319  0.000264862319 10 2
  130.  171.  0.000257019041  0.000257019041 10 2
  130.  173.  0.000249520323  0.000249520323 10 2
  130.  175.  0.000242346126  0.000242346126 10 2
  130.  177.  0.000235478001  0.000235478001 10 2
  130.  179.  0.000228898702  0.000228898702 10 2
  130.  181.  0.000222592207  0.000222592207 10 2
  130.  183.  0.000216543616  0.000216543616 10 2
  130.  185.  0.000210739003  0.000210739003 10 2
  130.  187.  0.000205165386  0.000205165386 10 2
  130.  189.  0.000199810616  0.000199810616 10 2
  130.  191.  0.000194663386  0.000194663386 10 2
  130.  193.  0.000189713057  0.000189713057 10 2
  130.  195.  0.000184949691  0.000184949691 10 2
  130.  197.  0.000180363961  0.000180363961 10 2
  130.  199.  0.000175947149  0.000175947149 10 2
  140.  1.  0.  0. 10 2
  140.  3.  0.  0. 10 2
  140.  5.  0.  0. 10 2
  140.  7.  0.  0. 10 2
  140.  9.  0.  0. 10 2
  140.  11.  0.539620578  0.539620578 10 2
  140.  13.  0.0496364608  0.0496364608 10 2
  140.  15.  0.0419712998  0.0419712998 10 2
  140.  17.  0.0620451309  0.0620451309 10 2
  140.  19.  0.0711983442  0.0711983442 10 2
  140.  21.  0.118489154  0.118489154 10 2
  140.  23.  0.165933341  0.165933341 10 2
  140.  25.  0.121170685  0.121170685 10 2
  140.  27.  0.0741079822  0.0741079822 10 2
  140.  29.  0.0550651327  0.0550651327 10 2
  140.  31.  0.050828848  0.050828848 10 2
  140.  33.  0.0539845377  0.0539845377 10 2
  140.  35.  0.0595089607  0.0595089607 10 2
  140.  37.  0.0616127029  0.0616127029 10 2
  140.  39.  0.0568663217  0.0568663217 10 2
  140.  41.  0.047879871  0.047879871 10 2
  140.  43.  0.039070081  0.039070081 10 2
  140.  45.  0.0324083678  0.0324083678 10 2
  140.  47.  0.0278010108  0.0278010108 10 2
  140.  49.  0.0243852194  0.0243852194 10 2
  140.  51.  0.0213173721  0.0213173721 10 2
  140.  53.  0.0182416197  0.0182416197 10 2
  140.  55.  0.0152815767  0.0152815767 10 2
  140.  57.  0.0126692159  0.0126692159 10 2
  140.  59.  0.0105085988  0.0105085988 10 2
  140.  61.  0.00878008176  0.00878008176 10 2
  140.  63.  0.00741194654  0.00741194654 10 2
  140.  65.  0.00632675691  0.00632675691 10 2
  140.  67.  0.00545872189  0.00545872189 10 2
  140.  69.  0.00475669606  0.00475669606 10 2
  140.  71.  0.00418224931  0.00418224931 10 2
  140.  73.  0.00370679097  0.00370679097 10 2
  140.  75.  0.0033090096  0.0033090096 10 2
  140.  77.  0.00297289505  0.00297289505 10 2
  140.  79.  0.00268629985  0.00268629985 10 2
  140.  81.  0.00243990147  0.00243990147 10 2
  140.  83.  0.00222646422  0.00222646422 10 2
  140.  85.  0.00204030937  0.00204030937 10 2
  140.  87.  0.0018769335  0.0018769335 10 2
  140.  89.  0.00173272786  0.00173272786 10 2
  140.  91.  0.00160477543  0.00160477543 10 2
  140.  93.  0.00149069622  0.00149069622 10 2
  140.  95.  0.00138853386  0.00138853386 10 2
  140.  97.  0.00129666692  0.00129666692 10 2
  140.  99.  0.00121374289  0.00121374289 10 2
  140.  101.  0.0011386259  0.0011386259 10 2
  140.  103.  0.00107035576  0.00107035576 10 2
  140.  105.  0.00100811746  0.00100811746 10 2
  140.  107.  0.000951213762  0.000951213762 10 2
  140.  109.  0.000899046601  0.000899046601 10 2
  140.  111.  0.000851099845  0.000851099845 10 2
  140.  113.  0.0008069264  0.0008069264 10 2
  140.  115.  0.000766137091  0.000766137091 10 2
  140.  117.  0.0007283921  0.0007283921 10 2
  140.  119.  0.00069339358  0.00069339358 10 2
  140.  121.  0.000660879305  0.000660879305 10 2
  140.  123.  0.000630617957  0.000630617957 10 2
  140.  125.  0.000602404645  0.000602404645 10 2
  140.  127.  0.000576057297  0.000576057297 10 2
  140.  129.  0.000551413919  0.000551413919 10 2
  140.  131.  0.000528329809  0.000528329809 10 2
  140.  133.  0.000506675104  0.000506675104 10 2
  140.  135.  0.000486333767  0.000486333767 10 2
  140.  137.  0.000467200851  0.000467200851 10 2
  140.  139.  0.000449182058  0.000449182058 10 2
  140.  141.  0.00043219197  0.00043219197 10 2
  140.  143.  0.000416153518  0.000416153518 10 2
  140.  145.  0.00040099636  0.00040099636 10 2
  140.  147.  0.000386656931  0.000386656931 10 2
  140.  149.  0.000373077084  0.000373077084 10 2
  140.  151.  0.000360203849  0.000360203849 10 2
  140.  153.  0.000347988855  0.000347988855 10 2
  140.  155.  0.000336387777  0.000336387777 10 2
  140.  157.  0.000325359928  0.000325359928 10 2
  140.  159.  0.000314868026  0.000314868026 10 2
  140.  161.  0.000304877758  0.000304877758 10 2
  140.  163.  0.000295357517  0.000295357517 10 2
  140.  165.  0.000286278111  0.000286278111 10 2
  140.  167.  0.000277612795  0.000277612795 10 2
  140.  169.  0.000269336451  0.000269336451 10 2
  140.  171.  0.000261426234  0.000261426234 10 2
  140.  173.  0.000253860722  0.000253860722 10 2
  140.  175.  0.000246620039  0.000246620039 10 2
  140.  177.  0.000239685891  0.000239685891 10 2
  140.  179.  0.000233041137  0.000233041137 10 2
  140.  181.  0.000226669828  0.000226669828 10 2
  140.  183.  0.000220557122  0.000220557122 10 2
  140.  185.  0.000214689149  0.000214689149 10 2
  140.  187.  0.000209053018  0.000209053018 10 2
  140.  189.  0.000203636591  0.000203636591 10 2
  140.  191.  0.000198428621  0.000198428621 10 2
  140.  193.  0.000193418484  0.000193418484 10 2
  140.  195.  0.000188596241  0.000188596241 10 2
  140.  197.  0.000183952623  0.000183952623 10 2
  140.  199.  0.00017947887  0.00017947887 10 2
  150.  1.  0.  0. 10 2
  150.  3.  0.  0. 10 2
  150.  5.  0.  0. 10 2
  150.  7.  0.  0. 10 2
  150.  9.  0.  0. 10 2
  150.  11.  0.669912219  0.669912219 10 2
  150.  13.  0.0600242019  0.0600242019 10 2
  150.  15.  0.0519100353  0.0519100353 10 2
  150.  17.  0.0794329271  0.0794329271 10 2
  150.  19.  0.0819990486  0.0819990486 10 2
  150.  21.  0.13249439  0.13249439 10 2
  150.  23.  0.184604779  0.184604779 10 2
  150.  25.  0.133779094  0.133779094 10 2
  150.  27.  0.0803414956  0.0803414956 10 2
  150.  29.  0.0580813847  0.0580813847 10 2
  150.  31.  0.0521143824  0.0521143824 10 2
  150.  33.  0.0541510209  0.0541510209 10 2
  150.  35.  0.0588718988  0.0588718988 10 2
  150.  37.  0.0604635626  0.0604635626 10 2
  150.  39.  0.055501543  0.055501543 10 2
  150.  41.  0.0464659929  0.0464659929 10 2
  150.  43.  0.0376144238  0.0376144238 10 2
  150.  45.  0.0308533292  0.0308533292 10 2
  150.  47.  0.0261152182  0.0261152182 10 2
  150.  49.  0.0226173941  0.0226173941 10 2
  150.  51.  0.0195934642  0.0195934642 10 2
  150.  53.  0.0166952312  0.0166952312 10 2
  150.  55.  0.0139841624  0.0139841624 10 2
  150.  57.  0.0116231078  0.0116231078 10 2
  150.  59.  0.00967899058  0.00967899058 10 2
  150.  61.  0.0081233168  0.0081233168 10 2
  150.  63.  0.0068887705  0.0068887705 10 2
  150.  65.  0.00590586383  0.00590586383 10 2
  150.  67.  0.00511632115  0.00511632115 10 2
  150.  69.  0.00447500823  0.00447500823 10 2
  150.  71.  0.00394801609  0.00394801609 10 2
  150.  73.  0.00351006794  0.00351006794 10 2
  150.  75.  0.00314226863  0.00314226863 10 2
  150.  77.  0.00283037918  0.00283037918 10 2
  150.  79.  0.00256355526  0.00256355526 10 2
  150.  81.  0.00233344664  0.00233344664 10 2
  150.  83.  0.00213354803  0.00213354803 10 2
  150.  85.  0.00195873668  0.00195873668 10 2
  150.  87.  0.00180493551  0.00180493551 10 2
  150.  89.  0.00166886789  0.00166886789 10 2
  150.  91.  0.00154787616  0.00154787616 10 2
  150.  93.  0.00143978617  0.00143978617 10 2
  150.  95.  0.00134280499  0.00134280499 10 2
  150.  97.  0.0012554432  0.0012554432 10 2
  150.  99.  0.00117645529  0.00117645529 10 2
  150.  101.  0.00110479211  0.00110479211 10 2
  150.  103.  0.00103956589  0.00103956589 10 2
  150.  105.  0.000980019686  0.000980019686 10 2
  150.  107.  0.000925506349  0.000925506349 10 2
  150.  109.  0.000875468715  0.000875468715 10 2
  150.  111.  0.000829425175  0.000829425175 10 2
  150.  113.  0.000786957855  0.000786957855 10 2
  150.  115.  0.00074770255  0.00074770255 10 2
  150.  117.  0.000711340515  0.000711340515 10 2
  150.  119.  0.000677592005  0.000677592005 10 2
  150.  121.  0.000646210334  0.000646210334 10 2
  150.  123.  0.000616977573  0.000616977573 10 2
  150.  125.  0.000589700474  0.000589700474 10 2
  150.  127.  0.000564207206  0.000564207206 10 2
  150.  129.  0.000540344277  0.000540344277 10 2
  150.  131.  0.000517974957  0.000517974957 10 2
  150.  133.  0.000496976078  0.000496976078 10 2
  150.  135.  0.000477237336  0.000477237336 10 2
  150.  137.  0.000458659313  0.000458659313 10 2
  150.  139.  0.000441152137  0.000441152137 10 2
  150.  141.  0.000424634636  0.000424634636 10 2
  150.  143.  0.000409033208  0.000409033208 10 2
  150.  145.  0.000394280942  0.000394280942 10 2
  150.  147.  0.000380316953  0.000380316953 10 2
  150.  149.  0.000367085857  0.000367085857 10 2
  150.  151.  0.000354536984  0.000354536984 10 2
  150.  153.  0.000342623971  0.000342623971 10 2
  150.  155.  0.000331304385  0.000331304385 10 2
  150.  157.  0.000320539315  0.000320539315 10 2
  150.  159.  0.000310292904  0.000310292904 10 2
  150.  161.  0.000300532265  0.000300532265 10 2
  150.  163.  0.000291227043  0.000291227043 10 2
  150.  165.  0.000282349181  0.000282349181 10 2
  150.  167.  0.000273872836  0.000273872836 10 2
  150.  169.  0.000265774113  0.000265774113 10 2
  150.  171.  0.00025803069  0.00025803069 10 2
  150.  173.  0.000250622164  0.000250622164 10 2
  150.  175.  0.000243529328  0.000243529328 10 2
  150.  177.  0.000236734471  0.000236734471 10 2
  150.  179.  0.000230221049  0.000230221049 10 2
  150.  181.  0.000223973737  0.000223973737 10 2
  150.  183.  0.00021797813  0.00021797813 10 2
  150.  185.  0.000212220883  0.000212220883 10 2
  150.  187.  0.000206689452  0.000206689452 10 2
  150.  189.  0.000201372182  0.000201372182 10 2
  150.  191.  0.000196258086  0.000196258086 10 2
  150.  193.  0.000191336978  0.000191336978 10 2
  150.  195.  0.00018659918  0.00018659918 10 2
  150.  197.  0.000182035685  0.000182035685 10 2
  150.  199.  0.000177638038  0.000177638038 10 2
  160.  1.  0.  0. 10 2
  160.  3.  0.  0. 10 2
  160.  5.  0.  0. 10 2
  160.  7.  0.  0. 10 2
  160.  9.  0.  0. 10 2
  160.  11.  0.791213512  0.791213512 10 2
  160.  13.  0.0692129508  0.0692129508 10 2
  160.  15.  0.0605668835  0.0605668835 10 2
  160.  17.  0.0948386192  0.0948386192 10 2
  160.  19.  0.090140231  0.090140231 10 2
  160.  21.  0.141828939  0.141828939 10 2
  160.  23.  0.196655467  0.196655467 10 2
  160.  25.  0.141592994  0.141592994 10 2
  160.  27.  0.0837133452  0.0837133452 10 2
  160.  29.  0.0590398833  0.0590398833 10 2
  160.  31.  0.0515561253  0.0515561253 10 2
  160.  33.  0.0523989648  0.0523989648 10 2
  160.  35.  0.056148801  0.056148801 10 2
  160.  37.  0.0571850948  0.0571850948 10 2
  160.  39.  0.0522170775  0.0522170775 10 2
  160.  41.  0.0435032435  0.0435032435 10 2
  160.  43.  0.0349829718  0.0349829718 10 2
  160.  45.  0.0284241494  0.0284241494 10 2
  160.  47.  0.0237796549  0.0237796549 10 2
  160.  49.  0.0203609131  0.0203609131 10 2
  160.  51.  0.0174932722  0.0174932722 10 2
  160.  53.  0.0148491748  0.0148491748 10 2
  160.  55.  0.0124397371  0.0124397371 10 2
  160.  57.  0.0103677716  0.0103677716 10 2
  160.  59.  0.0086687943  0.0086687943 10 2
  160.  61.  0.00730866473  0.00730866473 10 2
  160.  63.  0.00622625742  0.00622625742 10 2
  160.  65.  0.00536108762  0.00536108762 10 2
  160.  67.  0.00466308184  0.00466308184 10 2
  160.  69.  0.00409360509  0.00409360509 10 2
  160.  71.  0.0036236248  0.0036236248 10 2
  160.  73.  0.00323145534  0.00323145534 10 2
  160.  75.  0.00290083652  0.00290083652 10 2
  160.  77.  0.0026194728  0.0026194728 10 2
  160.  79.  0.00237796642  0.00237796642 10 2
  160.  81.  0.00216905121  0.00216905121 10 2
  160.  83.  0.00198704773  0.00198704773 10 2
  160.  85.  0.00182746607  0.00182746607 10 2
  160.  87.  0.00168672076  0.00168672076 10 2
  160.  89.  0.00156192051  0.00156192051 10 2
  160.  91.  0.00145071303  0.00145071303 10 2
  160.  93.  0.0013511678  0.0013511678 10 2
  160.  95.  0.00126168842  0.00126168842 10 2
  160.  97.  0.00118094531  0.00118094531 10 2
  160.  99.  0.00110782322  0.00110782322 10 2
  160.  101.  0.00104138115  0.00104138115 10 2
  160.  103.  0.000980820274  0.000980820274 10 2
  160.  105.  0.000925458735  0.000925458735 10 2
  160.  107.  0.000874711666  0.000874711666 10 2
  160.  109.  0.000828074873  0.000828074873 10 2
  160.  111.  0.000785111741  0.000785111741 10 2
  160.  113.  0.000745442754  0.000745442754 10 2
  160.  115.  0.000708736363  0.000708736363 10 2
  160.  117.  0.000674702111  0.000674702111 10 2
  160.  119.  0.000643084582  0.000643084582 10 2
  160.  121.  0.000613658456  0.000613658456 10 2
  160.  123.  0.00058622408  0.00058622408 10 2
  160.  125.  0.000560604385  0.000560604385 10 2
  160.  127.  0.000536641513  0.000536641513 10 2
  160.  129.  0.000514194719  0.000514194719 10 2
  160.  131.  0.00049313769  0.00049313769 10 2
  160.  133.  0.000473357446  0.000473357446 10 2
  160.  135.  0.000454752007  0.000454752007 10 2
  160.  137.  0.000437229581  0.000437229581 10 2
  160.  139.  0.000420707278  0.000420707278 10 2
  160.  141.  0.000405109895  0.000405109895 10 2
  160.  143.  0.000390369329  0.000390369329 10 2
  160.  145.  0.00037642353  0.00037642353 10 2
  160.  147.  0.000363216124  0.000363216124 10 2
  160.  149.  0.000350695627  0.000350695627 10 2
  160.  151.  0.00033881492  0.00033881492 10 2
  160.  153.  0.000327530957  0.000327530957 10 2
  160.  155.  0.000316804304  0.000316804304 10 2
  160.  157.  0.00030659858  0.00030659858 10 2
  160.  159.  0.00029688052  0.00029688052 10 2
  160.  161.  0.000287619361  0.000287619361 10 2
  160.  163.  0.000278786814  0.000278786814 10 2
  160.  165.  0.000270356686  0.000270356686 10 2
  160.  167.  0.000262304849  0.000262304849 10 2
  160.  169.  0.000254608894  0.000254608894 10 2
  160.  171.  0.000247248041  0.000247248041 10 2
  160.  173.  0.000240203095  0.000240203095 10 2
  160.  175.  0.000233456143  0.000233456143 10 2
  160.  177.  0.000226990553  0.000226990553 10 2
  160.  179.  0.000220790826  0.000220790826 10 2
  160.  181.  0.000214842541  0.000214842541 10 2
  160.  183.  0.000209132268  0.000209132268 10 2
  160.  185.  0.000203647418  0.000203647418 10 2
  160.  187.  0.000198376219  0.000198376219 10 2
  160.  189.  0.000193307715  0.000193307715 10 2
  160.  191.  0.000188431601  0.000188431601 10 2
  160.  193.  0.000183738244  0.000183738244 10 2
  160.  195.  0.000179218579  0.000179218579 10 2
  160.  197.  0.000174864137  0.000174864137 10 2
  160.  199.  0.000170666928  0.000170666928 10 2
  170.  1.  0.  0. 10 2
  170.  3.  0.  0. 10 2
  170.  5.  0.  0. 10 2
  170.  7.  0.  0. 10 2
  170.  9.  0.  0. 10 2
  170.  11.  0.892634213  0.892634213 10 2
  170.  13.  0.0763038546  0.0763038546 10 2
  170.  15.  0.0669017434  0.0669017434 10 2
  170.  17.  0.106284119  0.106284119 10 2
  170.  19.  0.0947503969  0.0947503969 10 2
  170.  21.  0.145679712  0.145679712 10 2
  170.  23.  0.201104194  0.201104194 10 2
  170.  25.  0.143996984  0.143996984 10 2
  170.  27.  0.0839849114  0.0839849114 10 2
  170.  29.  0.0579170287  0.0579170287 10 2
  170.  31.  0.0492778011  0.0492778011 10 2
  170.  33.  0.0489778966  0.0489778966 10 2
  170.  35.  0.0516949594  0.0516949594 10 2
  170.  37.  0.0521882549  0.0521882549 10 2
  170.  39.  0.0474094488  0.0474094488 10 2
  170.  41.  0.0393305197  0.0393305197 10 2
  170.  43.  0.0314539783  0.0314539783 10 2
  170.  45.  0.025353685  0.025353685 10 2
  170.  47.  0.0209969804  0.0209969804 10 2
  170.  49.  0.0177962724  0.0177962724 10 2
  170.  51.  0.0151760196  0.0151760196 10 2
  170.  53.  0.0128395576  0.0128395576 10 2
  170.  55.  0.0107611055  0.0107611055 10 2
  170.  57.  0.00899508502  0.00899508502 10 2
  170.  59.  0.00755255623  0.00755255623 10 2
  170.  61.  0.00639692554  0.00639692554 10 2
  170.  63.  0.00547446962  0.00547446962 10 2
  170.  65.  0.00473411381  0.00473411381 10 2
  170.  67.  0.00413411157  0.00413411157 10 2
  170.  69.  0.00364237023  0.00364237023 10 2
  170.  71.  0.00323476573  0.00323476573 10 2
  170.  73.  0.00289323856  0.00289323856 10 2
  170.  75.  0.00260420376  0.00260420376 10 2
  170.  77.  0.0023573502  0.0023573502 10 2
  170.  79.  0.00214476511  0.00214476511 10 2
  170.  81.  0.00196030806  0.00196030806 10 2
  170.  83.  0.00179915922  0.00179915922 10 2
  170.  85.  0.00165749551  0.00165749551 10 2
  170.  87.  0.00153225195  0.00153225195 10 2
  170.  89.  0.00142094912  0.00142094912 10 2
  170.  91.  0.00132156268  0.00132156268 10 2
  170.  93.  0.00123242673  0.00123242673 10 2
  170.  95.  0.00115215953  0.00115215953 10 2
  170.  97.  0.00107960682  0.00107960682 10 2
  170.  99.  0.00101379794  0.00101379794 10 2
  170.  101.  0.000953912444  0.000953912444 10 2
  170.  103.  0.000899251434  0.000899251434 10 2
  170.  105.  0.000849217526  0.000849217526 10 2
  170.  107.  0.000803297153  0.000803297153 10 2
  170.  109.  0.00076104654  0.00076104654 10 2
  170.  111.  0.000722080993  0.000722080993 10 2
  170.  113.  0.000686065061  0.000686065061 10 2
  170.  115.  0.00065270561  0.00065270561 10 2
  170.  117.  0.000621745363  0.000621745363 10 2
  170.  119.  0.000592957484  0.000592957484 10 2
  170.  121.  0.000566141796  0.000566141796 10 2
  170.  123.  0.000541120768  0.000541120768 10 2
  170.  125.  0.000517736305  0.000517736305 10 2
  170.  127.  0.000495847838  0.000495847838 10 2
  170.  129.  0.000475329376  0.000475329376 10 2
  170.  131.  0.000456068141  0.000456068141 10 2
  170.  133.  0.000437962794  0.000437962794 10 2
  170.  135.  0.000420922093  0.000420922093 10 2
  170.  137.  0.000404863618  0.000404863618 10 2
  170.  139.  0.000389712775  0.000389712775 10 2
  170.  141.  0.000375402073  0.000375402073 10 2
  170.  143.  0.000361870159  0.000361870159 10 2
  170.  145.  0.000349061214  0.000349061214 10 2
  170.  147.  0.000336924393  0.000336924393 10 2
  170.  149.  0.000325413217  0.000325413217 10 2
  170.  151.  0.000314485165  0.000314485165 10 2
  170.  153.  0.000304101297  0.000304101297 10 2
  170.  155.  0.00029422596  0.00029422596 10 2
  170.  157.  0.000284826267  0.000284826267 10 2
  170.  159.  0.000275872066  0.000275872066 10 2
  170.  161.  0.000267335476  0.000267335476 10 2
  170.  163.  0.000259190856  0.000259190856 10 2
  170.  165.  0.000251414429  0.000251414429 10 2
  170.  167.  0.000243984294  0.000243984294 10 2
  170.  169.  0.000236880034  0.000236880034 10 2
  170.  171.  0.000230082878  0.000230082878 10 2
  170.  173.  0.000223575247  0.000223575247 10 2
  170.  175.  0.000217340901  0.000217340901 10 2
  170.  177.  0.000211364691  0.000211364691 10 2
  170.  179.  0.000205632488  0.000205632488 10 2
  170.  181.  0.00020013118  0.00020013118 10 2
  170.  183.  0.000194848457  0.000194848457 10 2
  170.  185.  0.000189772865  0.000189772865 10 2
  170.  187.  0.000184893695  0.000184893695 10 2
  170.  189.  0.000180200892  0.000180200892 10 2
  170.  191.  0.00017568504  0.00017568504 10 2
  170.  193.  0.000171337364  0.000171337364 10 2
  170.  195.  0.000167149585  0.000167149585 10 2
  170.  197.  0.000163113902  0.000163113902 10 2
  170.  199.  0.00015922304  0.00015922304 10 2
  180.  1.  0.  0. 10 2
  180.  3.  0.  0. 10 2
  180.  5.  0.  0. 10 2
  180.  7.  0.  0. 10 2
  180.  9.  0.  0. 10 2
  180.  11.  0.96508652  0.96508652 10 2
  180.  13.  0.0806486234  0.0806486234 10 2
  180.  15.  0.0702656284  0.0702656284 10 2
  180.  17.  0.112542629  0.112542629 10 2
  180.  19.  0.0954400152  0.0954400152 10 2
  180.  21.  0.143869594  0.143869594 10 2
  180.  23.  0.197822019  0.197822019 10 2
  180.  25.  0.140970662  0.140970662 10 2
  180.  27.  0.0812441036  0.0812441036 10 2
  180.  29.  0.0548911504  0.0548911504 10 2
  180.  31.  0.0455518886  0.0455518886 10 2
  180.  33.  0.0442653261  0.0442653261 10 2
  180.  35.  0.0459861457  0.0459861457 10 2
  180.  37.  0.0459959209  0.0459959209 10 2
  180.  39.  0.0415694639  0.0415694639 10 2
  180.  41.  0.0343571901  0.0343571901 10 2
  180.  43.  0.0273526423  0.0273526423 10 2
  180.  45.  0.0219015684  0.0219015684 10 2
  180.  47.  0.0179805811  0.0179805811 10 2
  180.  49.  0.0151033709  0.0151033709 10 2
  180.  51.  0.0127941938  0.0127941938 10 2
  180.  53.  0.0107941674  0.0107941674 10 2
  180.  55.  0.00905390177  0.00905390177 10 2
  180.  57.  0.00759184593  0.00759184593 10 2
  180.  59.  0.00640179031  0.00640179031 10 2
  180.  61.  0.0054474948  0.0054474948 10 2
  180.  63.  0.00468325987  0.00468325987 10 2
  180.  65.  0.0040672468  0.0040672468 10 2
  180.  67.  0.00356569118  0.00356569118 10 2
  180.  69.  0.00315272622  0.00315272622 10 2
  180.  71.  0.00280889799  0.00280889799 10 2
  180.  73.  0.00251960685  0.00251960685 10 2
  180.  75.  0.00227383198  0.00227383198 10 2
  180.  77.  0.00206317543  0.00206317543 10 2
  180.  79.  0.00188116566  0.00188116566 10 2
  180.  81.  0.00172276061  0.00172276061 10 2
  180.  83.  0.00158398633  0.00158398633 10 2
  180.  85.  0.00146167807  0.00146167807 10 2
  180.  87.  0.00135328982  0.00135328982 10 2
  180.  89.  0.00125675392  0.00125675392 10 2
  180.  91.  0.00117037783  0.00117037783 10 2
  180.  93.  0.00109276304  0.00109276304 10 2
  180.  95.  0.00102274714  0.00102274714 10 2
  180.  97.  0.000959355792  0.000959355792 10 2
  180.  99.  0.000901767984  0.000901767984 10 2
  180.  101.  0.000849287375  0.000849287375 10 2
  180.  103.  0.000801320071  0.000801320071 10 2
  180.  105.  0.000757356815  0.000757356815 10 2
  180.  107.  0.000716959185  0.000716959185 10 2
  180.  109.  0.000679747493  0.000679747493 10 2
  180.  111.  0.000645391876  0.000645391876 10 2
  180.  113.  0.000613604439  0.000613604439 10 2
  180.  115.  0.000584132969  0.000584132969 10 2
  180.  117.  0.000556755869  0.000556755869 10 2
  180.  119.  0.000531277386  0.000531277386 10 2
  180.  121.  0.00050752447  0.00050752447 10 2
  180.  123.  0.000485343538  0.000485343538 10 2
  180.  125.  0.000464597659  0.000464597659 10 2
  180.  127.  0.000445164769  0.000445164769 10 2
  180.  129.  0.000426935527  0.000426935527 10 2
  180.  131.  0.000409811852  0.000409811852 10 2
  180.  133.  0.00039370553  0.00039370553 10 2
  180.  135.  0.000378536934  0.000378536934 10 2
  180.  137.  0.000364234234  0.000364234234 10 2
  180.  139.  0.000350732356  0.000350732356 10 2
  180.  141.  0.000337972218  0.000337972218 10 2
  180.  143.  0.000325900182  0.000325900182 10 2
  180.  145.  0.000314467354  0.000314467354 10 2
  180.  147.  0.000303629116  0.000303629116 10 2
  180.  149.  0.000293344812  0.000293344812 10 2
  180.  151.  0.000283577043  0.000283577043 10 2
  180.  153.  0.00027429164  0.00027429164 10 2
  180.  155.  0.00026545726  0.00026545726 10 2
  180.  157.  0.000257044914  0.000257044914 10 2
  180.  159.  0.000249028089  0.000249028089 10 2
  180.  161.  0.00024138228  0.00024138228 10 2
  180.  163.  0.0002340848  0.0002340848 10 2
  180.  165.  0.000227114739  0.000227114739 10 2
  180.  167.  0.000220452726  0.000220452726 10 2
  180.  169.  0.000214080777  0.000214080777 10 2
  180.  171.  0.00020798223  0.00020798223 10 2
  180.  173.  0.000202141644  0.000202141644 10 2
  180.  175.  0.00019654457  0.00019654457 10 2
  180.  177.  0.000191177634  0.000191177634 10 2
  180.  179.  0.000186028352  0.000186028352 10 2
  180.  181.  0.000181085066  0.000181085066 10 2
  180.  183.  0.000176336878  0.000176336878 10 2
  180.  185.  0.00017177366  0.00017177366 10 2
  180.  187.  0.000167385864  0.000167385864 10 2
  180.  189.  0.000163164601  0.000163164601 10 2
  180.  191.  0.000159101503  0.000159101503 10 2
  180.  193.  0.000155188769  0.000155188769 10 2
  180.  195.  0.000151419037  0.000151419037 10 2
  180.  197.  0.000147785409  0.000147785409 10 2
  180.  199.  0.000144281381  0.000144281381 10 2
  190.  1.  0.  0. 10 2
  190.  3.  0.  0. 10 2
  190.  5.  0.  0. 10 2
  190.  7.  0.  0. 10 2
  190.  9.  0.  0. 10 2
  190.  11.  1.00253236  1.00253236 10 2
  190.  13.  0.0819231421  0.0819231421 10 2
  190.  15.  0.0704495609  0.0704495609 10 2
  190.  17.  0.113223068  0.113223068 10 2
  190.  19.  0.0923089385  0.0923089385 10 2
  190.  21.  0.136826992  0.136826992 10 2
  190.  23.  0.187478319  0.187478319 10 2
  190.  25.  0.133042157  0.133042157 10 2
  190.  27.  0.075867027  0.075867027 10 2
  190.  29.  0.0503026992  0.0503026992 10 2
  190.  31.  0.0407519266  0.0407519266 10 2
  190.  33.  0.0387070291  0.0387070291 10 2
  190.  35.  0.0395466834  0.0395466834 10 2
  190.  37.  0.0391658098  0.0391658098 10 2
  190.  39.  0.0352114439  0.0352114439 10 2
  190.  41.  0.0290059112  0.0290059112 10 2
  190.  43.  0.0230079517  0.0230079517 10 2
  190.  45.  0.018322479  0.018322479 10 2
  190.  47.  0.0149313221  0.0149313221 10 2
  190.  49.  0.0124442661  0.0124442661 10 2
  190.  51.  0.0104804924  0.0104804924 10 2
  190.  53.  0.00882224645  0.00882224645 10 2
  190.  55.  0.00740829203  0.00740829203 10 2
  190.  57.  0.00623286422  0.00623286422 10 2
  190.  59.  0.00527908653  0.00527908653 10 2
  190.  61.  0.00451328373  0.00451328373 10 2
  190.  63.  0.0038978355  0.0038978355 10 2
  190.  65.  0.0033995132  0.0033995132 10 2
  190.  67.  0.00299182977  0.00299182977 10 2
  190.  69.  0.00265456294  0.00265456294 10 2
  190.  71.  0.0023724928  0.0023724928 10 2
  190.  73.  0.0021341648  0.0021341648 10 2
  190.  75.  0.00193090038  0.00193090038 10 2
  190.  77.  0.00175605773  0.00175605773 10 2
  190.  79.  0.00160449697  0.00160449697 10 2
  190.  81.  0.00147219514  0.00147219514 10 2
  190.  83.  0.00135596923  0.00135596923 10 2
  190.  85.  0.00125327334  0.00125327334 10 2
  190.  87.  0.00116205181  0.00116205181 10 2
  190.  89.  0.00108062977  0.00108062977 10 2
  190.  91.  0.00100763014  0.00100763014 10 2
  190.  93.  0.000941912993  0.000941912993 10 2
  190.  95.  0.000882526743  0.000882526743 10 2
  190.  97.  0.000828672084  0.000828672084 10 2
  190.  99.  0.000779673865  0.000779673865 10 2
  190.  101.  0.000734957459  0.000734957459 10 2
  190.  103.  0.000694032176  0.000694032176 10 2
  190.  105.  0.00065647607  0.00065647607 10 2
  190.  107.  0.000621925108  0.000621925108 10 2
  190.  109.  0.000590063457  0.000590063457 10 2
  190.  111.  0.000560616201  0.000560616201 10 2
  190.  113.  0.000533342944  0.000533342944 10 2
  190.  115.  0.000508032856  0.000508032856 10 2
  190.  117.  0.000484500168  0.000484500168 10 2
  190.  119.  0.000462580734  0.000462580734 10 2
  190.  121.  0.000442129181  0.000442129181 10 2
  190.  123.  0.000423016201  0.000423016201 10 2
  190.  125.  0.00040512663  0.00040512663 10 2
  190.  127.  0.000388357352  0.000388357352 10 2
  190.  129.  0.000372616079  0.000372616079 10 2
  190.  131.  0.000357819896  0.000357819896 10 2
  190.  133.  0.000343894091  0.000343894091 10 2
  190.  135.  0.00033077129  0.00033077129 10 2
  190.  137.  0.000318390492  0.000318390492 10 2
  190.  139.  0.000306696485  0.000306696485 10 2
  190.  141.  0.000295639038  0.000295639038 10 2
  190.  143.  0.000285172573  0.000285172573 10 2
  190.  145.  0.000275255414  0.000275255414 10 2
  190.  147.  0.00026584958  0.00026584958 10 2
  190.  149.  0.000256920408  0.000256920408 10 2
  190.  151.  0.000248436001  0.000248436001 10 2
  190.  153.  0.000240367124  0.000240367124 10 2
  190.  155.  0.000232687031  0.000232687031 10 2
  190.  157.  0.000225370954  0.000225370954 10 2
  190.  159.  0.000218396177  0.000218396177 10 2
  190.  161.  0.000211741703  0.000211741703 10 2
  190.  163.  0.000205388133  0.000205388133 10 2
  190.  165.  0.00019931751  0.00019931751 10 2
  190.  167.  0.000193513202  0.000193513202 10 2
  190.  169.  0.000187959828  0.000187959828 10 2
  190.  171.  0.000182643023  0.000182643023 10 2
  190.  173.  0.000177549533  0.000177549533 10 2
  190.  175.  0.000172666973  0.000172666973 10 2
  190.  177.  0.000167983817  0.000167983817 10 2
  190.  179.  0.000163489269  0.000163489269 10 2
  190.  181.  0.00015917336  0.00015917336 10 2
  190.  183.  0.000155026704  0.000155026704 10 2
  190.  185.  0.000151040513  0.000151040513 10 2
  190.  187.  0.000147206592  0.000147206592 10 2
  190.  189.  0.00014351726  0.00014351726 10 2
  190.  191.  0.000139965341  0.000139965341 10 2
  190.  193.  0.000136544055  0.000136544055 10 2
  190.  195.  0.000133247071  0.000133247071 10 2
  190.  197.  0.000130068394  0.000130068394 10 2
  190.  199.  0.000127002422  0.000127002422 10 2
  200.  1.  0.  0. 10 2
  200.  3.  0.  0. 10 2
  200.  5.  0.  0. 10 2
  200.  7.  0.  0. 10 2
  200.  9.  0.  0. 10 2
  200.  11.  1.00267327  1.00267327 10 2
  200.  13.  0.0801428556  0.0801428556 10 2
  200.  15.  0.0676501766  0.0676501766 10 2
  200.  17.  0.108692273  0.108692273 10 2
  200.  19.  0.0858717561  0.0858717561 10 2
  200.  21.  0.125466362  0.125466362 10 2
  200.  23.  0.171373755  0.171373755 10 2
  200.  25.  0.121165566  0.121165566 10 2
  200.  27.  0.068442218  0.068442218 10 2
  200.  29.  0.0445966683  0.0445966683 10 2
  200.  31.  0.0352978222  0.0352978222 10 2
  200.  33.  0.0327575654  0.0327575654 10 2
  200.  35.  0.0328830481  0.0328830481 10 2
  200.  37.  0.0322218835  0.0322218835 10 2
  200.  39.  0.0288114436  0.0288114436 10 2
  200.  41.  0.0236633141  0.0236633141 10 2
  200.  43.  0.0187161881  0.0187161881 10 2
  200.  45.  0.0148401354  0.0148401354 10 2
  200.  47.  0.0120194163  0.0120194163 10 2
  200.  49.  0.0099507086  0.0099507086 10 2
  200.  51.  0.00833905302  0.00833905302 10 2
  200.  53.  0.00700794766  0.00700794766 10 2
  200.  55.  0.00589370169  0.00589370169 10 2
  200.  57.  0.00497642951  0.00497642951 10 2
  200.  59.  0.00423410209  0.00423410209 10 2
  200.  61.  0.0036371043  0.0036371043 10 2
  200.  63.  0.00315548689  0.00315548689 10 2
  200.  65.  0.00276367762  0.00276367762 10 2
  200.  67.  0.00244153896  0.00244153896 10 2
  200.  69.  0.00217374624  0.00217374624 10 2
  200.  71.  0.00194875291  0.00194875291 10 2
  200.  73.  0.00175784237  0.00175784237 10 2
  200.  75.  0.0015943828  0.0015943828 10 2
  200.  77.  0.00145327649  0.00145327649 10 2
  200.  79.  0.00133055972  0.00133055972 10 2
  200.  81.  0.0012231163  0.0012231163 10 2
  200.  83.  0.00112846924  0.00112846924 10 2
  200.  85.  0.00104462949  0.00104462949 10 2
  200.  87.  0.000969984569  0.000969984569 10 2
  200.  89.  0.000903215609  0.000903215609 10 2
  200.  91.  0.000843234826  0.000843234826 10 2
  200.  93.  0.000789138256  0.000789138256 10 2
  200.  95.  0.000740169547  0.000740169547 10 2
  200.  97.  0.000695691444  0.000695691444 10 2
  200.  99.  0.000655163603  0.000655163603 10 2
  200.  101.  0.000618126069  0.000618126069 10 2
  200.  103.  0.000584184017  0.000584184017 10 2
  200.  105.  0.000552997924  0.000552997924 10 2
  200.  107.  0.000524273957  0.000524273957 10 2
  200.  109.  0.000497756875  0.000497756875 10 2
  200.  111.  0.000473223714  0.000473223714 10 2
  200.  113.  0.000450479565  0.000450479565 10 2
  200.  115.  0.00042935292  0.00042935292 10 2
  200.  117.  0.000409692642  0.000409692642 10 2
  200.  119.  0.000391364738  0.000391364738 10 2
  200.  121.  0.000374250638  0.000374250638 10 2
  200.  123.  0.000358244462  0.000358244462 10 2
  200.  125.  0.000343251915  0.000343251915 10 2
  200.  127.  0.000329188566  0.000329188566 10 2
  200.  129.  0.000315978599  0.000315978599 10 2
  200.  131.  0.000303553854  0.000303553854 10 2
  200.  133.  0.000291852863  0.000291852863 10 2
  200.  135.  0.000280820183  0.000280820183 10 2
  200.  137.  0.000270405522  0.000270405522 10 2
  200.  139.  0.000260563218  0.000260563218 10 2
  200.  141.  0.000251251971  0.000251251971 10 2
  200.  143.  0.000242433933  0.000242433933 10 2
  200.  145.  0.000234074701  0.000234074701 10 2
  200.  147.  0.000226142845  0.000226142845 10 2
  200.  149.  0.000218609581  0.000218609581 10 2
  200.  151.  0.000211448467  0.000211448467 10 2
  200.  153.  0.000204635304  0.000204635304 10 2
  200.  155.  0.000198147769  0.000198147769 10 2
  200.  157.  0.000191965388  0.000191965388 10 2
  200.  159.  0.000186069185  0.000186069185 10 2
  200.  161.  0.000180441726  0.000180441726 10 2
  200.  163.  0.000175066831  0.000175066831 10 2
  200.  165.  0.000169929568  0.000169929568 10 2
  200.  167.  0.000165016056  0.000165016056 10 2
  200.  169.  0.000160313473  0.000160313473 10 2
  200.  171.  0.00015580983  0.00015580983 10 2
  200.  173.  0.000151494038  0.000151494038 10 2
  200.  175.  0.000147355764  0.000147355764 10 2
  200.  177.  0.000143385347  0.000143385347 10 2
  200.  179.  0.000139573822  0.000139573822 10 2
  200.  181.  0.000135912793  0.000135912793 10 2
  200.  183.  0.000132394402  0.000132394402 10 2
  200.  185.  0.000129011314  0.000129011314 10 2
  200.  187.  0.000125756676  0.000125756676 10 2
  200.  189.  0.000122624042  0.000122624042 10 2
  200.  191.  0.000119607335  0.000119607335 10 2
  200.  193.  0.00011670094  0.00011670094 10 2
  200.  195.  0.000113899492  0.000113899492 10 2
  200.  197.  0.000111198002  0.000111198002 10 2
  200.  199.  0.000108591754  0.000108591754 10 2
  210.  1.  0.  0. 10 2
  210.  3.  0.  0. 10 2
  210.  5.  0.  0. 10 2
  210.  7.  0.  0. 10 2
  210.  9.  0.  0. 10 2
  210.  11.  0.96701318  0.96701318 10 2
  210.  13.  0.0756257325  0.0756257325 10 2
  210.  15.  0.0623760521  0.0623760521 10 2
  210.  17.  0.0998860672  0.0998860672 10 2
  210.  19.  0.0769296363  0.0769296363 10 2
  210.  21.  0.11101301  0.11101301 10 2
  210.  23.  0.15120326  0.15120326 10 2
  210.  25.  0.106553137  0.106553137 10 2
  210.  27.  0.0596747175  0.0596747175 10 2
  210.  29.  0.0382585377  0.0382585377 10 2
  210.  31.  0.0296033621  0.0296033621 10 2
  210.  33.  0.0268296804  0.0268296804 10 2
  210.  35.  0.026431689  0.026431689 10 2
  210.  37.  0.0256028473  0.0256028473 10 2
  210.  39.  0.0227618739  0.0227618739 10 2
  210.  41.  0.0186445005  0.0186445005 10 2
  210.  43.  0.0147152124  0.0147152124 10 2
  210.  45.  0.0116297146  0.0116297146 10 2
  210.  47.  0.00937312748  0.00937312748 10 2
  210.  49.  0.00771725923  0.00771725923 10 2
  210.  51.  0.00644135103  0.00644135103 10 2
  210.  53.  0.00540764211  0.00540764211 10 2
  210.  55.  0.0045566624  0.0045566624 10 2
  210.  57.  0.00386231882  0.00386231882 10 2
  210.  59.  0.00330159441  0.00330159441 10 2
  210.  61.  0.00284972531  0.00284972531 10 2
  210.  63.  0.00248367805  0.00248367805 10 2
  210.  65.  0.00218440313  0.00218440313 10 2
  210.  67.  0.0019370768  0.0019370768 10 2
  210.  69.  0.00173045043  0.00173045043 10 2
  210.  71.  0.00155603723  0.00155603723 10 2
  210.  73.  0.0014074085  0.0014074085 10 2
  210.  75.  0.00127965049  0.00127965049 10 2
  210.  77.  0.00116896792  0.00116896792 10 2
  210.  79.  0.00107239513  0.00107239513 10 2
  210.  81.  0.000987589359  0.000987589359 10 2
  210.  83.  0.000912679883  0.000912679883 10 2
  210.  85.  0.00084615784  0.00084615784 10 2
  210.  87.  0.000786795164  0.000786795164 10 2
  210.  89.  0.000733583234  0.000733583234 10 2
  210.  91.  0.000685687468  0.000685687468 10 2
  210.  93.  0.00064241176  0.00064241176 10 2
  210.  95.  0.000603171997  0.000603171997 10 2
  210.  97.  0.000567474519  0.000567474519 10 2
  210.  99.  0.000534899707  0.000534899707 10 2
  210.  101.  0.000505089178  0.000505089178 10 2
  210.  103.  0.000477734895  0.000477734895 10 2
  210.  105.  0.000452571257  0.000452571257 10 2
  210.  107.  0.000429367734  0.000429367734 10 2
  210.  109.  0.000407923799  0.000407923799 10 2
  210.  111.  0.000388064131  0.000388064131 10 2
  210.  113.  0.000369634945  0.000369634945 10 2
  210.  115.  0.000352500734  0.000352500734 10 2
  210.  117.  0.000336541911  0.000336541911 10 2
  210.  119.  0.00032165242  0.00032165242 10 2
  210.  121.  0.000307738053  0.000307738053 10 2
  210.  123.  0.000294714788  0.000294714788 10 2
  210.  125.  0.000282507623  0.000282507623 10 2
  210.  127.  0.000271049124  0.000271049124 10 2
  210.  129.  0.00026027899  0.00026027899 10 2
  210.  131.  0.000250142766  0.000250142766 10 2
  210.  133.  0.000240591296  0.000240591296 10 2
  210.  135.  0.000231580154  0.000231580154 10 2
  210.  137.  0.000223069161  0.000223069161 10 2
  210.  139.  0.00021502169  0.00021502169 10 2
  210.  141.  0.000207404533  0.000207404533 10 2
  210.  143.  0.000200187351  0.000200187351 10 2
  210.  145.  0.000193342479  0.000193342479 10 2
  210.  147.  0.000186844642  0.000186844642 10 2
  210.  149.  0.000180670613  0.000180670613 10 2
  210.  151.  0.000174799134  0.000174799134 10 2
  210.  153.  0.00016921066  0.00016921066 10 2
  210.  155.  0.000163887205  0.000163887205 10 2
  210.  157.  0.000158812225  0.000158812225 10 2
  210.  159.  0.000153970381  0.000153970381 10 2
  210.  161.  0.000149347616  0.000149347616 10 2
  210.  163.  0.000144930789  0.000144930789 10 2
  210.  165.  0.000140707823  0.000140707823 10 2
  210.  167.  0.000136667499  0.000136667499 10 2
  210.  169.  0.000132799396  0.000132799396 10 2
  210.  171.  0.000129093823  0.000129093823 10 2
  210.  173.  0.000125541759  0.000125541759 10 2
  210.  175.  0.000122134807  0.000122134807 10 2
  210.  177.  0.00011886518  0.00011886518 10 2
  210.  179.  0.000115725546  0.000115725546 10 2
  210.  181.  0.000112709065  0.000112709065 10 2
  210.  183.  0.000109809385  0.000109809385 10 2
  210.  185.  0.000107020525  0.000107020525 10 2
  210.  187.  0.000104336897  0.000104336897 10 2
  210.  189.  0.000101753256  0.000101753256 10 2
  210.  191.  9.92646819E-05  9.92646819E-05 10 2
  210.  193.  9.68665408E-05  9.68665408E-05 10 2
  210.  195.  9.45545034E-05  9.45545034E-05 10 2
  210.  197.  9.23244952E-05  9.23244952E-05 10 2
  210.  199.  9.01726598E-05  9.01726598E-05 10 2
  220.  1.  0.  0. 10 2
  220.  3.  0.  0. 10 2
  220.  5.  0.  0. 10 2
  220.  7.  0.  0. 10 2
  220.  9.  0.  0. 10 2
  220.  11.  0.900336325  0.900336325 10 2
  220.  13.  0.0689162835  0.0689162835 10 2
  220.  15.  0.0553245321  0.0553245321 10 2
  220.  17.  0.0880702659  0.0880702659 10 2
  220.  19.  0.0664219409  0.0664219409 10 2
  220.  21.  0.0948116109  0.0948116109 10 2
  220.  23.  0.128800824  0.128800824 10 2
  220.  25.  0.0904974565  0.0904974565 10 2
  220.  27.  0.0502890795  0.0502890795 10 2
  220.  29.  0.0317551196  0.0317551196 10 2
  220.  31.  0.0240334906  0.0240334906 10 2
  220.  33.  0.0212585349  0.0212585349 10 2
  220.  35.  0.0205261167  0.0205261167 10 2
  220.  37.  0.0196319483  0.0196319483 10 2
  220.  39.  0.0173461232  0.0173461232 10 2
  220.  41.  0.014173734  0.014173734 10 2
  220.  43.  0.0111711649  0.0111711649 10 2
  220.  45.  0.00880963728  0.00880963728 10 2
  220.  47.  0.00707452791  0.00707452791 10 2
  220.  49.  0.0057999217  0.0057999217 10 2
  220.  51.  0.00482643675  0.00482643675 10 2
  220.  53.  0.00405068556  0.00405068556 10 2
  220.  55.  0.0034214789  0.0034214789 10 2
  220.  57.  0.002912116  0.002912116 10 2
  220.  59.  0.00250138133  0.00250138133 10 2
  220.  61.  0.0021695504  0.0021695504 10 2
  220.  63.  0.00189953088  0.00189953088 10 2
  220.  65.  0.00167760637  0.00167760637 10 2
  220.  67.  0.00149322406  0.00149322406 10 2
  220.  69.  0.0013383961  0.0013383961 10 2
  220.  71.  0.00120708498  0.00120708498 10 2
  220.  73.  0.00109469891  0.00109469891 10 2
  220.  75.  0.000997711439  0.000997711439 10 2
  220.  77.  0.000913383963  0.000913383963 10 2
  220.  79.  0.000839565648  0.000839565648 10 2
  220.  81.  0.000774548505  0.000774548505 10 2
  220.  83.  0.000716961978  0.000716961978 10 2
  220.  85.  0.00066569593  0.00066569593 10 2
  220.  87.  0.000619842554  0.000619842554 10 2
  220.  89.  0.000578653533  0.000578653533 10 2
  220.  91.  0.000541507266  0.000541507266 10 2
  220.  93.  0.000507883669  0.000507883669 10 2
  220.  95.  0.000477344787  0.000477344787 10 2
  220.  97.  0.000449519343  0.000449519343 10 2
  220.  99.  0.000424091006  0.000424091006 10 2
  220.  101.  0.000400788762  0.000400788762 10 2
  220.  103.  0.000379379286  0.000379379286 10 2
  220.  105.  0.000359660655  0.000359660655 10 2
  220.  107.  0.000341457548  0.000341457548 10 2
  220.  109.  0.000324616849  0.000324616849 10 2
  220.  111.  0.000309004681  0.000309004681 10 2
  220.  113.  0.000294503203  0.000294503203 10 2
  220.  115.  0.000281008601  0.000281008601 10 2
  220.  117.  0.000268428936  0.000268428936 10 2
  220.  119.  0.00025668263  0.00025668263 10 2
  220.  121.  0.000245697127  0.000245697127 10 2
  220.  123.  0.00023540757  0.00023540757 10 2
  220.  125.  0.000225755983  0.000225755983 10 2
  220.  127.  0.000216690314  0.000216690314 10 2
  220.  129.  0.000208163765  0.000208163765 10 2
  220.  131.  0.000200134105  0.000200134105 10 2
  220.  133.  0.000192563253  0.000192563253 10 2
  220.  135.  0.000185416691  0.000185416691 10 2
  220.  137.  0.000178663104  0.000178663104 10 2
  220.  139.  0.000172274013  0.000172274013 10 2
  220.  141.  0.00016622353  0.00016622353 10 2
  220.  143.  0.000160488024  0.000160488024 10 2
  220.  145.  0.000155045884  0.000155045884 10 2
  220.  147.  0.00014987732  0.00014987732 10 2
  220.  149.  0.00014496423  0.00014496423 10 2
  220.  151.  0.00014028998  0.00014028998 10 2
  220.  153.  0.000135839233  0.000135839233 10 2
  220.  155.  0.000131597932  0.000131597932 10 2
  220.  157.  0.000127553067  0.000127553067 10 2
  220.  159.  0.000123692662  0.000123692662 10 2
  220.  161.  0.000120005585  0.000120005585 10 2
  220.  163.  0.000116481606  0.000116481606 10 2
  220.  165.  0.000113111186  0.000113111186 10 2
  220.  167.  0.000109885521  0.000109885521 10 2
  220.  169.  0.000106796389  0.000106796389 10 2
  220.  171.  0.000103836181  0.000103836181 10 2
  220.  173.  0.000100997779  0.000100997779 10 2
  220.  175.  9.82745914E-05  9.82745914E-05 10 2
  220.  177.  9.56604272E-05  9.56604272E-05 10 2
  220.  179.  9.31495306E-05  9.31495306E-05 10 2
  220.  181.  9.07365247E-05  9.07365247E-05 10 2
  220.  183.  8.84163528E-05  8.84163528E-05 10 2
  220.  185.  8.61843146E-05  8.61843146E-05 10 2
  220.  187.  8.40359717E-05  8.40359717E-05 10 2
  220.  189.  8.19672059E-05  8.19672059E-05 10 2
  220.  191.  7.99741028E-05  7.99741028E-05 10 2
  220.  193.  7.80530245E-05  7.80530245E-05 10 2
  220.  195.  7.62005147E-05  7.62005147E-05 10 2
  220.  197.  7.44133577E-05  7.44133577E-05 10 2
  220.  199.  7.26884973E-05  7.26884973E-05 10 2
  230.  1.  0.  0. 10 2
  230.  3.  0.  0. 10 2
  230.  5.  0.  0. 10 2
  230.  7.  0.  0. 10 2
  230.  9.  0.  0. 10 2
  230.  11.  0.809787095  0.809787095 10 2
  230.  13.  0.0606906936  0.0606906936 10 2
  230.  15.  0.0472570211  0.0472570211 10 2
  230.  17.  0.0746056288  0.0746056288 10 2
  230.  19.  0.05528678  0.05528678 10 2
  230.  21.  0.0781518742  0.0781518742 10 2
  230.  23.  0.105908938  0.105908938 10 2
  230.  25.  0.0742131621  0.0742131621 10 2
  230.  27.  0.040946383  0.040946383 10 2
  230.  29.  0.025488032  0.025488032 10 2
  230.  31.  0.018875638  0.018875638 10 2
  230.  33.  0.0162826758  0.0162826758 10 2
  230.  35.  0.015383766  0.015383766 10 2
  230.  37.  0.0145077938  0.0145077938 10 2
  230.  39.  0.0127323046  0.0127323046 10 2
  230.  41.  0.0103806583  0.0103806583 10 2
  230.  43.  0.00817680638  0.00817680638 10 2
  230.  45.  0.00644185394  0.00644185394 10 2
  230.  47.  0.00516148191  0.00516148191 10 2
  230.  49.  0.0042193057  0.0042193057 10 2
  230.  51.  0.00350458012  0.00350458012 10 2
  230.  53.  0.00294286269  0.00294286269 10 2
  230.  55.  0.00249306136  0.00249306136 10 2
  230.  57.  0.00213134266  0.00213134266 10 2
  230.  59.  0.00183986081  0.00183986081 10 2
  230.  61.  0.00160364772  0.00160364772 10 2
  230.  63.  0.00141049072  0.00141049072 10 2
  230.  65.  0.001250859  0.001250859 10 2
  230.  67.  0.00111749745  0.00111749745 10 2
  230.  69.  0.00100492558  0.00100492558 10 2
  230.  71.  0.000908991031  0.000908991031 10 2
  230.  73.  0.000826521427  0.000826521427 10 2
  230.  75.  0.000755067158  0.000755067158 10 2
  230.  77.  0.000692715461  0.000692715461 10 2
  230.  79.  0.00063795509  0.00063795509 10 2
  230.  81.  0.000589579868  0.000589579868 10 2
  230.  83.  0.00054661691  0.00054661691 10 2
  230.  85.  0.000508274243  0.000508274243 10 2
  230.  87.  0.000473901629  0.000473901629 10 2
  230.  89.  0.000442960736  0.000442960736 10 2
  230.  91.  0.000415002723  0.000415002723 10 2
  230.  93.  0.000389650668  0.000389650668 10 2
  230.  95.  0.000366586086  0.000366586086 10 2
  230.  97.  0.000345538254  0.000345538254 10 2
  230.  99.  0.000326275913  0.000326275913 10 2
  230.  101.  0.000308600196  0.000308600196 10 2
  230.  103.  0.000292339624  0.000292339624 10 2
  230.  105.  0.000277345476  0.000277345476 10 2
  230.  107.  0.000263488153  0.000263488153 10 2
  230.  109.  0.000250654499  0.000250654499 10 2
  230.  111.  0.000238745168  0.000238745168 10 2
  230.  113.  0.000227672659  0.000227672659 10 2
  230.  115.  0.000217359731  0.000217359731 10 2
  230.  117.  0.000207737859  0.000207737859 10 2
  230.  119.  0.000198746187  0.000198746187 10 2
  230.  121.  0.000190330422  0.000190330422 10 2
  230.  123.  0.000182442076  0.000182442076 10 2
  230.  125.  0.000175037654  0.000175037654 10 2
  230.  127.  0.000168078099  0.000168078099 10 2
  230.  129.  0.000161528238  0.000161528238 10 2
  230.  131.  0.000155356363  0.000155356363 10 2
  230.  133.  0.000149533735  0.000149533735 10 2
  230.  135.  0.000144034348  0.000144034348 10 2
  230.  137.  0.00013883457  0.00013883457 10 2
  230.  139.  0.000133912923  0.000133912923 10 2
  230.  141.  0.000129249791  0.000129249791 10 2
  230.  143.  0.000124827304  0.000124827304 10 2
  230.  145.  0.00012062912  0.00012062912 10 2
  230.  147.  0.000116640222  0.000116640222 10 2
  230.  149.  0.000112846872  0.000112846872 10 2
  230.  151.  0.00010923644  0.00010923644 10 2
  230.  153.  0.000105797291  0.000105797291 10 2
  230.  155.  0.000102518738  0.000102518738 10 2
  230.  157.  9.93908689E-05  9.93908689E-05 10 2
  230.  159.  9.64045612E-05  9.64045612E-05 10 2
  230.  161.  9.35513744E-05  9.35513744E-05 10 2
  230.  163.  9.0823487E-05  9.0823487E-05 10 2
  230.  165.  8.82136083E-05  8.82136083E-05 10 2
  230.  167.  8.57150299E-05  8.57150299E-05 10 2
  230.  169.  8.3321509E-05  8.3321509E-05 10 2
  230.  171.  8.10271813E-05  8.10271813E-05 10 2
  230.  173.  7.88266407E-05  7.88266407E-05 10 2
  230.  175.  7.67148231E-05  7.67148231E-05 10 2
  230.  177.  7.46870137E-05  7.46870137E-05 10 2
  230.  179.  7.2738796E-05  7.2738796E-05 10 2
  230.  181.  7.08660446E-05  7.08660446E-05 10 2
  230.  183.  6.90649176E-05  6.90649176E-05 10 2
  230.  185.  6.733177E-05  6.733177E-05 10 2
  230.  187.  6.56632401E-05  6.56632401E-05 10 2
  230.  189.  6.40561339E-05  6.40561339E-05 10 2
  230.  191.  6.25074608E-05  6.25074608E-05 10 2
  230.  193.  6.10144234E-05  6.10144234E-05 10 2
  230.  195.  5.95743804E-05  5.95743804E-05 10 2
  230.  197.  5.81848471E-05  5.81848471E-05 10 2
  230.  199.  5.68434807E-05  5.68434807E-05 10 2
  240.  1.  0.  0. 10 2
  240.  3.  0.  0. 10 2
  240.  5.  0.  0. 10 2
  240.  7.  0.  0. 10 2
  240.  9.  0.  0. 10 2
  240.  11.  0.703757107  0.703757107 10 2
  240.  13.  0.0516607948  0.0516607948 10 2
  240.  15.  0.0388933085  0.0388933085 10 2
  240.  17.  0.0607549474  0.0607549474 10 2
  240.  19.  0.0443505719  0.0443505719 10 2
  240.  21.  0.0621343516  0.0621343516 10 2
  240.  23.  0.0840028524  0.0840028524 10 2
  240.  25.  0.0587180294  0.0587180294 10 2
  240.  27.  0.0321847089  0.0321847089 10 2
  240.  29.  0.0197642036  0.0197642036 10 2
  240.  31.  0.0143262781  0.0143262781 10 2
  240.  33.  0.0120408898  0.0120408898 10 2
  240.  35.  0.0111100608  0.0111100608 10 2
  240.  37.  0.0103126885  0.0103126885 10 2
  240.  39.  0.00898273569  0.00898273569 10 2
  240.  41.  0.00730900979  0.00730900979 10 2
  240.  43.  0.00575914048  0.00575914048 10 2
  240.  45.  0.00453875773  0.00453875773 10 2
  240.  47.  0.00363423466  0.00363423466 10 2
  240.  49.  0.00296698394  0.00296698394 10 2
  240.  51.  0.00246315473  0.00246315473 10 2
  240.  53.  0.00207149168  0.00207149168 10 2
  240.  55.  0.00176110829  0.00176110829 10 2
  240.  57.  0.00151276193  0.00151276193 10 2
  240.  59.  0.00131256995  0.00131256995 10 2
  240.  61.  0.00114972843  0.00114972843 10 2
  240.  63.  0.00101585733  0.00101585733 10 2
  240.  65.  0.000904578192  0.000904578192 10 2
  240.  67.  0.000811081845  0.000811081845 10 2
  240.  69.  0.000731739274  0.000731739274 10 2
  240.  71.  0.000663792365  0.000663792365 10 2
  240.  73.  0.00060512335  0.00060512335 10 2
  240.  75.  0.000554087281  0.000554087281 10 2
  240.  77.  0.000509391364  0.000509391364 10 2
  240.  79.  0.000470008672  0.000470008672 10 2
  240.  81.  0.000435114605  0.000435114605 10 2
  240.  83.  0.000404040649  0.000404040649 10 2
  240.  85.  0.000376239826  0.000376239826 10 2
  240.  87.  0.00035126094  0.00035126094 10 2
  240.  89.  0.000328729046  0.000328729046 10 2
  240.  91.  0.000308330083  0.000308330083 10 2
  240.  93.  0.000289799558  0.000289799558 10 2
  240.  95.  0.000272913079  0.000272913079 10 2
  240.  97.  0.000257479434  0.000257479434 10 2
  240.  99.  0.000243334667  0.000243334667 10 2
  240.  101.  0.000230337624  0.000230337624 10 2
  240.  103.  0.00021836604  0.00021836604 10 2
  240.  105.  0.000207313758  0.000207313758 10 2
  240.  107.  0.000197088099  0.000197088099 10 2
  240.  109.  0.00018760789  0.00018760789 10 2
  240.  111.  0.000178801725  0.000178801725 10 2
  240.  113.  0.000170606698  0.000170606698 10 2
  240.  115.  0.000162967044  0.000162967044 10 2
  240.  117.  0.000155833302  0.000155833302 10 2
  240.  119.  0.000149161468  0.000149161468 10 2
  240.  121.  0.000142912191  0.000142912191 10 2
  240.  123.  0.000137050316  0.000137050316 10 2
  240.  125.  0.00013154422  0.00013154422 10 2
  240.  127.  0.000126365543  0.000126365543 10 2
  240.  129.  0.000121488636  0.000121488636 10 2
  240.  131.  0.000116890391  0.000116890391 10 2
  240.  133.  0.000112549831  0.000112549831 10 2
  240.  135.  0.000108447974  0.000108447974 10 2
  240.  137.  0.000104567509  0.000104567509 10 2
  240.  139.  0.00010089275  0.00010089275 10 2
  240.  141.  9.74092909E-05  9.74092909E-05 10 2
  240.  143.  9.41040416E-05  9.41040416E-05 10 2
  240.  145.  9.09649898E-05  9.09649898E-05 10 2
  240.  147.  8.79811196E-05  8.79811196E-05 10 2
  240.  149.  8.51423465E-05  8.51423465E-05 10 2
  240.  151.  8.24393574E-05  8.24393574E-05 10 2
  240.  153.  7.98635883E-05  7.98635883E-05 10 2
  240.  155.  7.74071596E-05  7.74071596E-05 10 2
  240.  157.  7.50627732E-05  7.50627732E-05 10 2
  240.  159.  7.28236992E-05  7.28236992E-05 10 2
  240.  161.  7.06837018E-05  7.06837018E-05 10 2
  240.  163.  6.86369895E-05  6.86369895E-05 10 2
  240.  165.  6.66782144E-05  6.66782144E-05 10 2
  240.  167.  6.48023779E-05  6.48023779E-05 10 2
  240.  169.  6.30048598E-05  6.30048598E-05 10 2
  240.  171.  6.12813456E-05  6.12813456E-05 10 2
  240.  173.  5.96278041E-05  5.96278041E-05 10 2
  240.  175.  5.80404994E-05  5.80404994E-05 10 2
  240.  177.  5.6515928E-05  5.6515928E-05 10 2
  240.  179.  5.50508121E-05  5.50508121E-05 10 2
  240.  181.  5.36420957E-05  5.36420957E-05 10 2
  240.  183.  5.22869159E-05  5.22869159E-05 10 2
  240.  185.  5.09825804E-05  5.09825804E-05 10 2
  240.  187.  4.97265755E-05  4.97265755E-05 10 2
  240.  189.  4.85165328E-05  4.85165328E-05 10 2
  240.  191.  4.73502332E-05  4.73502332E-05 10 2
  240.  193.  4.62255921E-05  4.62255921E-05 10 2
  240.  195.  4.51406377E-05  4.51406377E-05 10 2
  240.  197.  4.40935219E-05  4.40935219E-05 10 2
  240.  199.  4.30825057E-05  4.30825057E-05 10 2
  250.  1.  0.  0. 10 2
  250.  3.  0.  0. 10 2
  250.  5.  0.  0. 10 2
  250.  7.  0.  0. 10 2
  250.  9.  0.  0. 10 2
  250.  11.  0.590797722  0.590797722 10 2
  250.  13.  0.0424919911  0.0424919911 10 2
  250.  15.  0.0308365151  0.0308365151 10 2
  250.  17.  0.0475515202  0.0475515202 10 2
  250.  19.  0.0342571065  0.0342571065 10 2
  250.  21.  0.0475883223  0.0475883223 10 2
  250.  23.  0.0641843826  0.0641843826 10 2
  250.  25.  0.0447630435  0.0447630435 10 2
  250.  27.  0.0243871622  0.0243871622 10 2
  250.  29.  0.0147839822  0.0147839822 10 2
  250.  31.  0.010491197  0.010491197 10 2
  250.  33.  0.00858165044  0.00858165044 10 2
  250.  35.  0.00771500822  0.00771500822 10 2
  250.  37.  0.00703305611  0.00703305611 10 2
  250.  39.  0.00607393496  0.00607393496 10 2
  250.  41.  0.00493356213  0.00493356213 10 2
  250.  43.  0.00389301428  0.00389301428 10 2
  250.  45.  0.00307419291  0.00307419291 10 2
  250.  47.  0.00246466557  0.00246466557 10 2
  250.  49.  0.00201347331  0.00201347331 10 2
  250.  51.  0.00167351833  0.00167351833 10 2
  250.  53.  0.00141120865  0.00141120865 10 2
  250.  55.  0.00120484049  0.00120484049 10 2
  250.  57.  0.0010401943  0.0010401943 10 2
  250.  59.  0.000907250796  0.000907250796 10 2
  250.  61.  0.000798621506  0.000798621506 10 2
  250.  63.  0.00070880237  0.00070880237 10 2
  250.  65.  0.000633690681  0.000633690681 10 2
  250.  67.  0.000570215925  0.000570215925 10 2
  250.  69.  0.000516060973  0.000516060973 10 2
  250.  71.  0.000469457707  0.000469457707 10 2
  250.  73.  0.000429040461  0.000429040461 10 2
  250.  75.  0.000393741881  0.000393741881 10 2
  250.  77.  0.000362717692  0.000362717692 10 2
  250.  79.  0.000335292862  0.000335292862 10 2
  250.  81.  0.000310922274  0.000310922274 10 2
  250.  83.  0.000289161544  0.000289161544 10 2
  250.  85.  0.000269645301  0.000269645301 10 2
  250.  87.  0.00025207072  0.00025207072 10 2
  250.  89.  0.000236185006  0.000236185006 10 2
  250.  91.  0.00022177567  0.00022177567 10 2
  250.  93.  0.000208663027  0.000208663027 10 2
  250.  95.  0.000196694149  0.000196694149 10 2
  250.  97.  0.000185738347  0.000185738347 10 2
  250.  99.  0.000175683163  0.000175683163 10 2
  250.  101.  0.00016643152  0.00016643152 10 2
  250.  103.  0.000157899223  0.000157899223 10 2
  250.  105.  0.000150012856  0.000150012856 10 2
  250.  107.  0.000142708275  0.000142708275 10 2
  250.  109.  0.00013592912  0.00013592912 10 2
  250.  111.  0.000129625798  0.000129625798 10 2
  250.  113.  0.00012375442  0.00012375442 10 2
  250.  115.  0.000118276133  0.000118276133 10 2
  250.  117.  0.000113156355  0.000113156355 10 2
  250.  119.  0.000108364256  0.000108364256 10 2
  250.  121.  0.000103872269  0.000103872269 10 2
  250.  123.  9.96557064E-05  9.96557064E-05 10 2
  250.  125.  9.56923468E-05  9.56923468E-05 10 2
  250.  127.  9.19622034E-05  9.19622034E-05 10 2
  250.  129.  8.8447232E-05  8.8447232E-05 10 2
  250.  131.  8.51310979E-05  8.51310979E-05 10 2
  250.  133.  8.19990091E-05  8.19990091E-05 10 2
  250.  135.  7.9037527E-05  7.9037527E-05 10 2
  250.  137.  7.62344134E-05  7.62344134E-05 10 2
  250.  139.  7.35785288E-05  7.35785288E-05 10 2
  250.  141.  7.10596869E-05  7.10596869E-05 10 2
  250.  143.  6.86685817E-05  6.86685817E-05 10 2
  250.  145.  6.63966857E-05  6.63966857E-05 10 2
  250.  147.  6.42361629E-05  6.42361629E-05 10 2
  250.  149.  6.21798245E-05  6.21798245E-05 10 2
  250.  151.  6.02210566E-05  6.02210566E-05 10 2
  250.  153.  5.83537549E-05  5.83537549E-05 10 2
  250.  155.  5.65722985E-05  5.65722985E-05 10 2
  250.  157.  5.48714779E-05  5.48714779E-05 10 2
  250.  159.  5.32464837E-05  5.32464837E-05 10 2
  250.  161.  5.16928631E-05  5.16928631E-05 10 2
  250.  163.  5.02064795E-05  5.02064795E-05 10 2
  250.  165.  4.8783495E-05  4.8783495E-05 10 2
  250.  167.  4.74203516E-05  4.74203516E-05 10 2
  250.  169.  4.61137206E-05  4.61137206E-05 10 2
  250.  171.  4.48605169E-05  4.48605169E-05 10 2
  250.  173.  4.36578594E-05  4.36578594E-05 10 2
  250.  175.  4.25030557E-05  4.25030557E-05 10 2
  250.  177.  4.13935923E-05  4.13935923E-05 10 2
  250.  179.  4.0327126E-05  4.0327126E-05 10 2
  250.  181.  3.93014561E-05  3.93014561E-05 10 2
  250.  183.  3.83145161E-05  3.83145161E-05 10 2
  250.  185.  3.73643852E-05  3.73643852E-05 10 2
  250.  187.  3.64492444E-05  3.64492444E-05 10 2
  250.  189.  3.5567391E-05  3.5567391E-05 10 2
  250.  191.  3.47172354E-05  3.47172354E-05 10 2
  250.  193.  3.38972641E-05  3.38972641E-05 10 2
  250.  195.  3.31060692E-05  3.31060692E-05 10 2
  250.  197.  3.23423083E-05  3.23423083E-05 10 2
  250.  199.  3.16047335E-05  3.16047335E-05 10 2
  260.  1.  0.  0. 10 2
  260.  3.  0.  0. 10 2
  260.  5.  0.  0. 10 2
  260.  7.  0.  0. 10 2
  260.  9.  0.  0. 10 2
  260.  11.  0.478700668  0.478700668 10 2
  260.  13.  0.0337431505  0.0337431505 10 2
  260.  15.  0.0235316195  0.0235316195 10 2
  260.  17.  0.0357322656  0.0357322656 10 2
  260.  19.  0.0254366789  0.0254366789 10 2
  260.  21.  0.0350415595  0.0350415595 10 2
  260.  23.  0.0471451283  0.0471451283 10 2
  260.  25.  0.0328104682  0.0328104682 10 2
  260.  27.  0.0177755859  0.0177755859 10 2
  260.  29.  0.010644556  0.010644556 10 2
  260.  31.  0.00739630032  0.00739630032 10 2
  260.  33.  0.00588079076  0.00588079076 10 2
  260.  35.  0.00513688242  0.00513688242 10 2
  260.  37.  0.00458607031  0.00458607031 10 2
  260.  39.  0.00392173836  0.00392173836 10 2
  260.  41.  0.00318092946  0.00318092946 10 2
  260.  43.  0.00251735351  0.00251735351 10 2
  260.  45.  0.00199609948  0.00199609948 10 2
  260.  47.  0.00160635333  0.00160635333 10 2
  260.  49.  0.00131645915  0.00131645915 10 2
  260.  51.  0.00109780277  0.00109780277 10 2
  260.  53.  0.000929563015  0.000929563015 10 2
  260.  55.  0.000797584187  0.000797584187 10 2
  260.  57.  0.000692267262  0.000692267262 10 2
  260.  59.  0.000606936461  0.000606936461 10 2
  260.  61.  0.000536836102  0.000536836102 10 2
  260.  63.  0.00047852  0.00047852 10 2
  260.  65.  0.000429455627  0.000429455627 10 2
  260.  67.  0.000387755048  0.000387755048 10 2
  260.  69.  0.000351990544  0.000351990544 10 2
  260.  71.  0.000321067229  0.000321067229 10 2
  260.  73.  0.000294134137  0.000294134137 10 2
  260.  75.  0.000270521414  0.000270521414 10 2
  260.  77.  0.000249695935  0.000249695935 10 2
  260.  79.  0.000231228725  0.000231228725 10 2
  260.  81.  0.000214771295  0.000214771295 10 2
  260.  83.  0.000200038019  0.000200038019 10 2
  260.  85.  0.00018679291  0.00018679291 10 2
  260.  87.  0.000174839428  0.000174839428 10 2
  260.  89.  0.000164012847  0.000164012847 10 2
  260.  91.  0.000154174151  0.000154174151 10 2
  260.  93.  0.00014520534  0.00014520534 10 2
  260.  95.  0.000137005714  0.000137005714 10 2
  260.  97.  0.000129488879  0.000129488879 10 2
  260.  99.  0.000122580313  0.000122580313 10 2
  260.  101.  0.000116215524  0.000116215524 10 2
  260.  103.  0.000110338391  0.000110338391 10 2
  260.  105.  0.000104899911  0.000104899911 10 2
  260.  107.  9.9857134E-05  9.9857134E-05 10 2
  260.  109.  9.51723123E-05  9.51723123E-05 10 2
  260.  111.  9.08120637E-05  9.08120637E-05 10 2
  260.  113.  8.67468916E-05  8.67468916E-05 10 2
  260.  115.  8.29505807E-05  8.29505807E-05 10 2
  260.  117.  7.93997679E-05  7.93997679E-05 10 2
  260.  119.  7.60736075E-05  7.60736075E-05 10 2
  260.  121.  7.29534222E-05  7.29534222E-05 10 2
  260.  123.  7.00224628E-05  7.00224628E-05 10 2
  260.  125.  6.72656242E-05  6.72656242E-05 10 2
  260.  127.  6.46693297E-05  6.46693297E-05 10 2
  260.  129.  6.22212756E-05  6.22212756E-05 10 2
  260.  131.  5.99103332E-05  5.99103332E-05 10 2
  260.  133.  5.77264036E-05  5.77264036E-05 10 2
  260.  135.  5.56603081E-05  5.56603081E-05 10 2
  260.  137.  5.37036758E-05  5.37036758E-05 10 2
  260.  139.  5.18488778E-05  5.18488778E-05 10 2
  260.  141.  5.00889364E-05  5.00889364E-05 10 2
  260.  143.  4.84174634E-05  4.84174634E-05 10 2
  260.  145.  4.68286125E-05  4.68286125E-05 10 2
  260.  147.  4.53170032E-05  4.53170032E-05 10 2
  260.  149.  4.38776842E-05  4.38776842E-05 10 2
  260.  151.  4.25061044E-05  4.25061044E-05 10 2
  260.  153.  4.11980727E-05  4.11980727E-05 10 2
  260.  155.  3.99497003E-05  3.99497003E-05 10 2
  260.  157.  3.87574037E-05  3.87574037E-05 10 2
  260.  159.  3.76178687E-05  3.76178687E-05 10 2
  260.  161.  3.65280102E-05  3.65280102E-05 10 2
  260.  163.  3.54849763E-05  3.54849763E-05 10 2
  260.  165.  3.44861182E-05  3.44861182E-05 10 2
  260.  167.  3.3528966E-05  3.3528966E-05 10 2
  260.  169.  3.26112277E-05  3.26112277E-05 10 2
  260.  171.  3.17307567E-05  3.17307567E-05 10 2
  260.  173.  3.08855597E-05  3.08855597E-05 10 2
  260.  175.  3.00737702E-05  3.00737702E-05 10 2
  260.  177.  2.92936511E-05  2.92936511E-05 10 2
  260.  179.  2.8543569E-05  2.8543569E-05 10 2
  260.  181.  2.78219995E-05  2.78219995E-05 10 2
  260.  183.  2.71275112E-05  2.71275112E-05 10 2
  260.  185.  2.64587634E-05  2.64587634E-05 10 2
  260.  187.  2.58144937E-05  2.58144937E-05 10 2
  260.  189.  2.51935253E-05  2.51935253E-05 10 2
  260.  191.  2.45947413E-05  2.45947413E-05 10 2
  260.  193.  2.40170957E-05  2.40170957E-05 10 2
  260.  195.  2.34596009E-05  2.34596009E-05 10 2
  260.  197.  2.29213383E-05  2.29213383E-05 10 2
  260.  199.  2.24014202E-05  2.24014202E-05 10 2
  270.  1.  0.  0. 10 2
  270.  3.  0.  0. 10 2
  270.  5.  0.  0. 10 2
  270.  7.  0.  0. 10 2
  270.  9.  0.  0. 10 2
  270.  11.  0.373837113  0.373837113 10 2
  270.  13.  0.0258315243  0.0258315243 10 2
  270.  15.  0.0172544904  0.0172544904 10 2
  270.  17.  0.0257272776  0.0257272776 10 2
  270.  19.  0.0181098804  0.0181098804 10 2
  270.  21.  0.0247344263  0.0247344263 10 2
  270.  23.  0.033188384  0.033188384 10 2
  270.  25.  0.0230523963  0.0230523963 10 2
  270.  27.  0.0124254804  0.0124254804 10 2
  270.  29.  0.0073550106  0.0073550106 10 2
  270.  31.  0.0050053522  0.0050053522 10 2
  270.  33.  0.0038635009  0.0038635009 10 2
  270.  35.  0.00326859835  0.00326859835 10 2
  270.  37.  0.00284802774  0.00284802774 10 2
  270.  39.  0.00240772916  0.00240772916 10 2
  270.  41.  0.00195158587  0.00195158587 10 2
  270.  43.  0.00155270926  0.00155270926 10 2
  270.  45.  0.00124056952  0.00124056952 10 2
  270.  47.  0.00100617378  0.00100617378 10 2
  270.  49.  0.000830602832  0.000830602832 10 2
  270.  51.  0.000697250594  0.000697250594 10 2
  270.  53.  0.000594022509  0.000594022509 10 2
  270.  55.  0.000512582308  0.000512582308 10 2
  270.  57.  0.000447209692  0.000447209692 10 2
  270.  59.  0.000393916824  0.000393916824 10 2
  270.  61.  0.000349868962  0.000349868962 10 2
  270.  63.  0.000313013908  0.000313013908 10 2
  270.  65.  0.000281840243  0.000281840243 10 2
  270.  67.  0.000255216466  0.000255216466 10 2
  270.  69.  0.000232282036  0.000232282036 10 2
  270.  71.  0.000212373125  0.000212373125 10 2
  270.  73.  0.000194970606  0.000194970606 10 2
  270.  75.  0.000179663606  0.000179663606 10 2
  270.  77.  0.000166123209  0.000166123209 10 2
  270.  79.  0.000154083449  0.000154083449 10 2
  270.  81.  0.000143327241  0.000143327241 10 2
  270.  83.  0.000133675843  0.000133675843 10 2
  270.  85.  0.000124980972  0.000124980972 10 2
  270.  87.  0.000117118689  0.000117118689 10 2
  270.  89.  0.000109984714  0.000109984714 10 2
  270.  91.  0.000103490805  0.000103490805 10 2
  270.  93.  9.75617804E-05  9.75617804E-05 10 2
  270.  95.  9.21333194E-05  9.21333194E-05 10 2
  270.  97.  8.71500597E-05  8.71500597E-05 10 2
  270.  99.  8.25641837E-05  8.25641837E-05 10 2
  270.  101.  7.83341602E-05  7.83341602E-05 10 2
  270.  103.  7.44238059E-05  7.44238059E-05 10 2
  270.  105.  7.08014268E-05  7.08014268E-05 10 2
  270.  107.  6.74392359E-05  6.74392359E-05 10 2
  270.  109.  6.43126987E-05  6.43126987E-05 10 2
  270.  111.  6.14001547E-05  6.14001547E-05 10 2
  270.  113.  5.86823808E-05  5.86823808E-05 10 2
  270.  115.  5.61422748E-05  5.61422748E-05 10 2
  270.  117.  5.37645938E-05  5.37645938E-05 10 2
  270.  119.  5.15356951E-05  5.15356951E-05 10 2
  270.  121.  4.94433516E-05  4.94433516E-05 10 2
  270.  123.  4.74765693E-05  4.74765693E-05 10 2
  270.  125.  4.56254493E-05  4.56254493E-05 10 2
  270.  127.  4.38810566E-05  4.38810566E-05 10 2
  270.  129.  4.22353005E-05  4.22353005E-05 10 2
  270.  131.  4.06808394E-05  4.06808394E-05 10 2
  270.  133.  3.92110232E-05  3.92110232E-05 10 2
  270.  135.  3.78197874E-05  3.78197874E-05 10 2
  270.  137.  3.65016058E-05  3.65016058E-05 10 2
  270.  139.  3.52514289E-05  3.52514289E-05 10 2
  270.  141.  3.40646438E-05  3.40646438E-05 10 2
  270.  143.  3.29370196E-05  3.29370196E-05 10 2
  270.  145.  3.18646707E-05  3.18646707E-05 10 2
  270.  147.  3.08440322E-05  3.08440322E-05 10 2
  270.  149.  2.98718205E-05  2.98718205E-05 10 2
  270.  151.  2.89450109E-05  2.89450109E-05 10 2
  270.  153.  2.80608092E-05  2.80608092E-05 10 2
  270.  155.  2.7216638E-05  2.7216638E-05 10 2
  270.  157.  2.64101036E-05  2.64101036E-05 10 2
  270.  159.  2.56390013E-05  2.56390013E-05 10 2
  270.  161.  2.49012774E-05  2.49012774E-05 10 2
  270.  163.  2.41950274E-05  2.41950274E-05 10 2
  270.  165.  2.35184816E-05  2.35184816E-05 10 2
  270.  167.  2.28699955E-05  2.28699955E-05 10 2
  270.  169.  2.22480303E-05  2.22480303E-05 10 2
  270.  171.  2.1651158E-05  2.1651158E-05 10 2
  270.  173.  2.10780436E-05  2.10780436E-05 10 2
  270.  175.  2.05274373E-05  2.05274373E-05 10 2
  270.  177.  1.99981769E-05  1.99981769E-05 10 2
  270.  179.  1.94891691E-05  1.94891691E-05 10 2
  270.  181.  1.89993916E-05  1.89993916E-05 10 2
  270.  183.  1.85278859E-05  1.85278859E-05 10 2
  270.  185.  1.80737516E-05  1.80737516E-05 10 2
  270.  187.  1.76361445E-05  1.76361445E-05 10 2
  270.  189.  1.72142718E-05  1.72142718E-05 10 2
  270.  191.  1.68073839E-05  1.68073839E-05 10 2
  270.  193.  1.64147805E-05  1.64147805E-05 10 2
  270.  195.  1.60357995E-05  1.60357995E-05 10 2
  270.  197.  1.56698152E-05  1.56698152E-05 10 2
  270.  199.  1.531624E-05  1.531624E-05 10 2
  280.  1.  0.  0. 10 2
  280.  3.  0.  0. 10 2
  280.  5.  0.  0. 10 2
  280.  7.  0.  0. 10 2
  280.  9.  0.  0. 10 2
  280.  11.  0.280780047  0.280780047 10 2
  280.  13.  0.0190201998  0.0190201998 10 2
  280.  15.  0.0121237785  0.0121237785 10 2
  280.  17.  0.0176907443  0.0176907443 10 2
  280.  19.  0.012315318  0.012315318 10 2
  280.  21.  0.0166639648  0.0166639648 10 2
  280.  23.  0.0222911332  0.0222911332 10 2
  280.  25.  0.015455409  0.015455409 10 2
  280.  27.  0.00829262473  0.00829262473 10 2
  280.  29.  0.00485565467  0.00485565467 10 2
  280.  31.  0.00323761953  0.00323761953 10 2
  280.  33.  0.00242307526  0.00242307526 10 2
  280.  35.  0.00197828515  0.00197828515 10 2
  280.  37.  0.00167496898  0.00167496898 10 2
  280.  39.  0.0013966111  0.0013966111 10 2
  280.  41.  0.00113177847  0.00113177847 10 2
  280.  43.  0.00090735167  0.00090735167 10 2
  280.  45.  0.000732744869  0.000732744869 10 2
  280.  47.  0.000600962201  0.000600962201 10 2
  280.  49.  0.000501282106  0.000501282106 10 2
  280.  51.  0.000424655736  0.000424655736 10 2
  280.  53.  0.000364581123  0.000364581123 10 2
  280.  55.  0.000316621794  0.000316621794 10 2
  280.  57.  0.000277733983  0.000277733983 10 2
  280.  59.  0.000245766481  0.000245766481 10 2
  280.  61.  0.0002191596  0.0002191596 10 2
  280.  63.  0.000196764013  0.000196764013 10 2
  280.  65.  0.000177721347  0.000177721347 10 2
  280.  67.  0.000161382064  0.000161382064 10 2
  280.  69.  0.000147247978  0.000147247978 10 2
  280.  71.  0.000134931994  0.000134931994 10 2
  280.  73.  0.000124129481  0.000124129481 10 2
  280.  75.  0.000114597955  0.000114597955 10 2
  280.  77.  0.000106142274  0.000106142274 10 2
  280.  79.  9.86039449E-05  9.86039449E-05 10 2
  280.  81.  9.18529331E-05  9.18529331E-05 10 2
  280.  83.  8.57818159E-05  8.57818159E-05 10 2
  280.  85.  8.03010917E-05  8.03010917E-05 10 2
  280.  87.  7.53356726E-05  7.53356726E-05 10 2
  280.  89.  7.08221996E-05  7.08221996E-05 10 2
  280.  91.  6.67068452E-05  6.67068452E-05 10 2
  280.  93.  6.29436545E-05  6.29436545E-05 10 2
  280.  95.  5.94931735E-05  5.94931735E-05 10 2
  280.  97.  5.63213762E-05  5.63213762E-05 10 2
  280.  99.  5.33987768E-05  5.33987768E-05 10 2
  280.  101.  5.06997349E-05  5.06997349E-05 10 2
  280.  103.  4.82018368E-05  4.82018368E-05 10 2
  280.  105.  4.58854229E-05  4.58854229E-05 10 2
  280.  107.  4.37332201E-05  4.37332201E-05 10 2
  280.  109.  4.17299561E-05  4.17299561E-05 10 2
  280.  111.  3.9862105E-05  3.9862105E-05 10 2
  280.  113.  3.81176651E-05  3.81176651E-05 10 2
  280.  115.  3.6485937E-05  3.6485937E-05 10 2
  280.  117.  3.49573565E-05  3.49573565E-05 10 2
  280.  119.  3.35233635E-05  3.35233635E-05 10 2
  280.  121.  3.21762745E-05  3.21762745E-05 10 2
  280.  123.  3.09091738E-05  3.09091738E-05 10 2
  280.  125.  2.97158149E-05  2.97158149E-05 10 2
  280.  127.  2.85905626E-05  2.85905626E-05 10 2
  280.  129.  2.75283128E-05  2.75283128E-05 10 2
  280.  131.  2.65244253E-05  2.65244253E-05 10 2
  280.  133.  2.557468E-05  2.557468E-05 10 2
  280.  135.  2.46752461E-05  2.46752461E-05 10 2
  280.  137.  2.3822613E-05  2.3822613E-05 10 2
  280.  139.  2.30135774E-05  2.30135774E-05 10 2
  280.  141.  2.2245209E-05  2.2245209E-05 10 2
  280.  143.  2.15148157E-05  2.15148157E-05 10 2
  280.  145.  2.08199272E-05  2.08199272E-05 10 2
  280.  147.  2.01582752E-05  2.01582752E-05 10 2
  280.  149.  1.95277626E-05  1.95277626E-05 10 2
  280.  151.  1.89264629E-05  1.89264629E-05 10 2
  280.  153.  1.83525917E-05  1.83525917E-05 10 2
  280.  155.  1.78045029E-05  1.78045029E-05 10 2
  280.  157.  1.72806704E-05  1.72806704E-05 10 2
  280.  159.  1.67796807E-05  1.67796807E-05 10 2
  280.  161.  1.63002169E-05  1.63002169E-05 10 2
  280.  163.  1.58410676E-05  1.58410676E-05 10 2
  280.  165.  1.54010904E-05  1.54010904E-05 10 2
  280.  167.  1.49792377E-05  1.49792377E-05 10 2
  280.  169.  1.45745198E-05  1.45745198E-05 10 2
  280.  171.  1.41860219E-05  1.41860219E-05 10 2
  280.  173.  1.38128835E-05  1.38128835E-05 10 2
  280.  175.  1.34543097E-05  1.34543097E-05 10 2
  280.  177.  1.31095449E-05  1.31095449E-05 10 2
  280.  179.  1.27778903E-05  1.27778903E-05 10 2
  280.  181.  1.24586886E-05  1.24586886E-05 10 2
  280.  183.  1.21513212E-05  1.21513212E-05 10 2
  280.  185.  1.18552116E-05  1.18552116E-05 10 2
  280.  187.  1.15698131E-05  1.15698131E-05 10 2
  280.  189.  1.12946154E-05  1.12946154E-05 10 2
  280.  191.  1.10291376E-05  1.10291376E-05 10 2
  280.  193.  1.07729265E-05  1.07729265E-05 10 2
  280.  195.  1.0525554E-05  1.0525554E-05 10 2
  280.  197.  1.02866197E-05  1.02866197E-05 10 2
  280.  199.  1.00557427E-05  1.00557427E-05 10 2
  290.  1.  0.  0. 10 2
  290.  3.  0.  0. 10 2
  290.  5.  0.  0. 10 2
  290.  7.  0.  0. 10 2
  290.  9.  0.  0. 10 2
  290.  11.  0.202203706  0.202203706 10 2
  290.  13.  0.0134271923  0.0134271923 10 2
  290.  15.  0.0081307739  0.0081307739 10 2
  290.  17.  0.0115607139  0.0115607139 10 2
  290.  19.  0.00795495324  0.00795495324 10 2
  290.  21.  0.0106489193  0.0106489193 10 2
  290.  23.  0.0141925504  0.0141925504 10 2
  290.  25.  0.00982454419  0.00982454419 10 2
  290.  27.  0.00525133731  0.00525133731 10 2
  290.  29.  0.00304526347  0.00304526347 10 2
  290.  31.  0.00199169177  0.00199169177 10 2
  290.  33.  0.00144499517  0.00144499517 10 2
  290.  35.  0.00113515859  0.00113515859 10 2
  290.  37.  0.000929885195  0.000929885195 10 2
  290.  39.  0.000763189106  0.000763189106 10 2
  290.  41.  0.000619533064  0.000619533064 10 2
  290.  43.  0.000502925832  0.000502925832 10 2
  290.  45.  0.000413194211  0.000413194211 10 2
  290.  47.  0.000345170294  0.000345170294 10 2
  290.  49.  0.00029292659  0.00029292659 10 2
  290.  51.  0.000251690712  0.000251690712 10 2
  290.  53.  0.000218277739  0.000218277739 10 2
  290.  55.  0.000190798179  0.000190798179 10 2
  290.  57.  0.000168053957  0.000168053957 10 2
  290.  59.  0.000149131782  0.000149131782 10 2
  290.  61.  0.000133279231  0.000133279231 10 2
  290.  63.  0.000119885903  0.000119885903 10 2
  290.  65.  0.000108469911  0.000108469911 10 2
  290.  67.  9.86559244E-05  9.86559244E-05 10 2
  290.  69.  9.01520325E-05  9.01520325E-05 10 2
  290.  71.  8.27299737E-05  8.27299737E-05 10 2
  290.  73.  7.6209617E-05  7.6209617E-05 10 2
  290.  75.  7.04474005E-05  7.04474005E-05 10 2
  290.  77.  6.53277384E-05  6.53277384E-05 10 2
  290.  79.  6.07566617E-05  6.07566617E-05 10 2
  290.  81.  5.66570743E-05  5.66570743E-05 10 2
  290.  83.  5.29652025E-05  5.29652025E-05 10 2
  290.  85.  4.96278772E-05  4.96278772E-05 10 2
  290.  87.  4.66004531E-05  4.66004531E-05 10 2
  290.  89.  4.38452007E-05  4.38452007E-05 10 2
  290.  91.  4.13300404E-05  4.13300404E-05 10 2
  290.  93.  3.90275345E-05  3.90275345E-05 10 2
  290.  95.  3.69141198E-05  3.69141198E-05 10 2
  290.  97.  3.49694237E-05  3.49694237E-05 10 2
  290.  99.  3.3175791E-05  3.3175791E-05 10 2
  290.  101.  3.15178258E-05  3.15178258E-05 10 2
  290.  103.  2.99820731E-05  2.99820731E-05 10 2
  290.  105.  2.8556713E-05  2.8556713E-05 10 2
  290.  107.  2.72313355E-05  2.72313355E-05 10 2
  290.  109.  2.59967346E-05  2.59967346E-05 10 2
  290.  111.  2.48447559E-05  2.48447559E-05 10 2
  290.  113.  2.37681361E-05  2.37681361E-05 10 2
  290.  115.  2.27604069E-05  2.27604069E-05 10 2
  290.  117.  2.18157784E-05  2.18157784E-05 10 2
  290.  119.  2.09290592E-05  2.09290592E-05 10 2
  290.  121.  2.0095591E-05  2.0095591E-05 10 2
  290.  123.  1.93111719E-05  1.93111719E-05 10 2
  290.  125.  1.85720055E-05  1.85720055E-05 10 2
  290.  127.  1.78746632E-05  1.78746632E-05 10 2
  290.  129.  1.72160344E-05  1.72160344E-05 10 2
  290.  131.  1.65932925E-05  1.65932925E-05 10 2
  290.  133.  1.6003869E-05  1.6003869E-05 10 2
  290.  135.  1.54454174E-05  1.54454174E-05 10 2
  290.  137.  1.49157977E-05  1.49157977E-05 10 2
  290.  139.  1.44130508E-05  1.44130508E-05 10 2
  290.  141.  1.39353861E-05  1.39353861E-05 10 2
  290.  143.  1.34811517E-05  1.34811517E-05 10 2
  290.  145.  1.30488406E-05  1.30488406E-05 10 2
  290.  147.  1.2637056E-05  1.2637056E-05 10 2
  290.  149.  1.22445153E-05  1.22445153E-05 10 2
  290.  151.  1.18700364E-05  1.18700364E-05 10 2
  290.  153.  1.15125231E-05  1.15125231E-05 10 2
  290.  155.  1.11709642E-05  1.11709642E-05 10 2
  290.  157.  1.0844421E-05  1.0844421E-05 10 2
  290.  159.  1.05320241E-05  1.05320241E-05 10 2
  290.  161.  1.02329668E-05  1.02329668E-05 10 2
  290.  163.  9.9464969E-06  9.9464969E-06 10 2
  290.  165.  9.67191681E-06  9.67191681E-06 10 2
  290.  167.  9.40857717E-06  9.40857717E-06 10 2
  290.  169.  9.15587043E-06  9.15587043E-06 10 2
  290.  171.  8.91322998E-06  8.91322998E-06 10 2
  290.  173.  8.6801283E-06  8.6801283E-06 10 2
  290.  175.  8.45606974E-06  8.45606974E-06 10 2
  290.  177.  8.24059316E-06  8.24059316E-06 10 2
  290.  179.  8.03326384E-06  8.03326384E-06 10 2
  290.  181.  7.83367523E-06  7.83367523E-06 10 2
  290.  183.  7.64144716E-06  7.64144716E-06 10 2
  290.  185.  7.45621992E-06  7.45621992E-06 10 2
  290.  187.  7.27765837E-06  7.27765837E-06 10 2
  290.  189.  7.10544555E-06  7.10544555E-06 10 2
  290.  191.  6.93928314E-06  6.93928314E-06 10 2
  290.  193.  6.77889102E-06  6.77889102E-06 10 2
  290.  195.  6.62400453E-06  6.62400453E-06 10 2
  290.  197.  6.474374E-06  6.474374E-06 10 2
  290.  199.  6.32976389E-06  6.32976389E-06 10 2
  300.  1.  0.  0. 10 2
  300.  3.  0.  0. 10 2
  300.  5.  0.  0. 10 2
  300.  7.  0.  0. 10 2
  300.  9.  0.  0. 10 2
  300.  11.  0.139015794  0.139015794 10 2
  300.  13.  0.00904614478  0.00904614478 10 2
  300.  15.  0.00517394533  0.00517394533 10 2
  300.  17.  0.00712638628  0.00712638628 10 2
  300.  19.  0.00484041823  0.00484041823 10 2
  300.  21.  0.00639477139  0.00639477139 10 2
  300.  23.  0.00848280266  0.00848280266 10 2
  300.  25.  0.00586437993  0.00586437993 10 2
  300.  27.  0.00312643452  0.00312643452 10 2
  300.  29.  0.00179925608  0.00179925608 10 2
  300.  31.  0.00115740916  0.00115740916 10 2
  300.  33.  0.000815916515  0.000815916515 10 2
  300.  35.  0.000616763951  0.000616763951 10 2
  300.  37.  0.00048776652  0.00048776652 10 2
  300.  39.  0.000393807248  0.000393807248 10 2
  300.  41.  0.000321301864  0.000321301864 10 2
  300.  43.  0.000265797658  0.000265797658 10 2
  300.  45.  0.000223931944  0.000223931944 10 2
  300.  47.  0.000192126405  0.000192126405 10 2
  300.  49.  0.000167097678  0.000167097678 10 2
  300.  51.  0.000146315098  0.000146315098 10 2
  300.  53.  0.000128372412  0.000128372412 10 2
  300.  55.  0.000112820868  0.000112820868 10 2
  300.  57.  9.95378577E-05  9.95378577E-05 10 2
  300.  59.  8.83278262E-05  8.83278262E-05 10 2
  300.  61.  7.88953766E-05  7.88953766E-05 10 2
  300.  63.  7.09284868E-05  7.09284868E-05 10 2
  300.  65.  6.41512379E-05  6.41512379E-05 10 2
  300.  67.  5.8338399E-05  5.8338399E-05 10 2
  300.  69.  5.33118437E-05  5.33118437E-05 10 2
  300.  71.  4.89318663E-05  4.89318663E-05 10 2
  300.  73.  4.50886E-05  4.50886E-05 10 2
  300.  75.  4.16949515E-05  4.16949515E-05 10 2
  300.  77.  3.8681228E-05  3.8681228E-05 10 2
  300.  79.  3.59910955E-05  3.59910955E-05 10 2
  300.  81.  3.35785699E-05  3.35785699E-05 10 2
  300.  83.  3.14057688E-05  3.14057688E-05 10 2
  300.  85.  2.94412239E-05  2.94412239E-05 10 2
  300.  87.  2.76585833E-05  2.76585833E-05 10 2
  300.  89.  2.60356355E-05  2.60356355E-05 10 2
  300.  91.  2.45535266E-05  2.45535266E-05 10 2
  300.  93.  2.31961512E-05  2.31961512E-05 10 2
  300.  95.  2.19496906E-05  2.19496906E-05 10 2
  300.  97.  2.08022138E-05  2.08022138E-05 10 2
  300.  99.  1.97433783E-05  1.97433783E-05 10 2
  300.  101.  1.87641763E-05  1.87641763E-05 10 2
  300.  103.  1.78567316E-05  1.78567316E-05 10 2
  300.  105.  1.70141284E-05  1.70141284E-05 10 2
  300.  107.  1.62302731E-05  1.62302731E-05 10 2
  300.  109.  1.54997797E-05  1.54997797E-05 10 2
  300.  111.  1.48178742E-05  1.48178742E-05 10 2
  300.  113.  1.41803066E-05  1.41803066E-05 10 2
  300.  115.  1.35832852E-05  1.35832852E-05 10 2
  300.  117.  1.30234203E-05  1.30234203E-05 10 2
  300.  119.  1.24976705E-05  1.24976705E-05 10 2
  300.  121.  1.20033019E-05  1.20033019E-05 10 2
  300.  123.  1.15378516E-05  1.15378516E-05 10 2
  300.  125.  1.1099095E-05  1.1099095E-05 10 2
  300.  127.  1.06850175E-05  1.06850175E-05 10 2
  300.  129.  1.02937929E-05  1.02937929E-05 10 2
  300.  131.  9.92376317E-06  9.92376317E-06 10 2
  300.  133.  9.5734149E-06  9.5734149E-06 10 2
  300.  135.  9.24137294E-06  9.24137294E-06 10 2
  300.  137.  8.92637672E-06  8.92637672E-06 10 2
  300.  139.  8.62727575E-06  8.62727575E-06 10 2
  300.  141.  8.34301318E-06  8.34301318E-06 10 2
  300.  143.  8.0726204E-06  8.0726204E-06 10 2
  300.  145.  7.81520521E-06  7.81520521E-06 10 2
  300.  147.  7.56994859E-06  7.56994859E-06 10 2
  300.  149.  7.33609386E-06  7.33609386E-06 10 2
  300.  151.  7.11294251E-06  7.11294251E-06 10 2
  300.  153.  6.89984881E-06  6.89984881E-06 10 2
  300.  155.  6.69621704E-06  6.69621704E-06 10 2
  300.  157.  6.50149195E-06  6.50149195E-06 10 2
  300.  159.  6.3151615E-06  6.3151615E-06 10 2
  300.  161.  6.13674683E-06  6.13674683E-06 10 2
  300.  163.  5.96580685E-06  5.96580685E-06 10 2
  300.  165.  5.80192727E-06  5.80192727E-06 10 2
  300.  167.  5.6447243E-06  5.6447243E-06 10 2
  300.  169.  5.49383913E-06  5.49383913E-06 10 2
  300.  171.  5.34893661E-06  5.34893661E-06 10 2
  300.  173.  5.20970389E-06  5.20970389E-06 10 2
  300.  175.  5.075849E-06  5.075849E-06 10 2
  300.  177.  4.9470973E-06  4.9470973E-06 10 2
  300.  179.  4.82319228E-06  4.82319228E-06 10 2
  300.  181.  4.70389341E-06  4.70389341E-06 10 2
  300.  183.  4.58897421E-06  4.58897421E-06 10 2
  300.  185.  4.47822322E-06  4.47822322E-06 10 2
  300.  187.  4.37144081E-06  4.37144081E-06 10 2
  300.  189.  4.26843826E-06  4.26843826E-06 10 2
  300.  191.  4.16904049E-06  4.16904049E-06 10 2
  300.  193.  4.07307971E-06  4.07307971E-06 10 2
  300.  195.  3.98039992E-06  3.98039992E-06 10 2
  300.  197.  3.89085244E-06  3.89085244E-06 10 2
  300.  199.  3.80429742E-06  3.80429742E-06 10 2
  310.  1.  0.  0. 10 2
  310.  3.  0.  0. 10 2
  310.  5.  0.  0. 10 2
  310.  7.  0.  0. 10 2
  310.  9.  0.  0. 10 2
  310.  11.  0.09066955  0.09066955 10 2
  310.  13.  0.00577792013  0.00577792013 10 2
  310.  15.  0.00309672207  0.00309672207 10 2
  310.  17.  0.00409636507  0.00409636507 10 2
  310.  19.  0.00273940479  0.00273940479 10 2
  310.  21.  0.00355662755  0.00355662755 10 2
  310.  23.  0.00468761753  0.00468761753 10 2
  310.  25.  0.00323825888  0.00323825888 10 2
  310.  27.  0.0017258724  0.0017258724 10 2
  310.  29.  0.00098986947  0.00098986947 10 2
  310.  31.  0.000630532391  0.000630532391 10 2
  310.  33.  0.000435984664  0.000435984664 10 2
  310.  35.  0.000320411898  0.000320411898 10 2
  310.  37.  0.000246696203  0.000246696203 10 2
  310.  39.  0.000197162823  0.000197162823 10 2
  310.  41.  0.000162644516  0.000162644516 10 2
  310.  43.  0.00013800399  0.00013800399 10 2
  310.  45.  0.000120069533  0.000120069533 10 2
  310.  47.  0.000106545886  0.000106545886 10 2
  310.  49.  9.54915886E-05  9.54915886E-05 10 2
  310.  51.  8.54222963E-05  8.54222963E-05 10 2
  310.  53.  7.57534799E-05  7.57534799E-05 10 2
  310.  55.  6.67110944E-05  6.67110944E-05 10 2
  310.  57.  5.86836795E-05  5.86836795E-05 10 2
  310.  59.  5.18213128E-05  5.18213128E-05 10 2
  310.  61.  4.6052075E-05  4.6052075E-05 10 2
  310.  63.  4.12125264E-05  4.12125264E-05 10 2
  310.  65.  3.71314345E-05  3.71314345E-05 10 2
  310.  67.  3.36612975E-05  3.36612975E-05 10 2
  310.  69.  3.06839065E-05  3.06839065E-05 10 2
  310.  71.  2.81069006E-05  2.81069006E-05 10 2
  310.  73.  2.5858435E-05  2.5858435E-05 10 2
  310.  75.  2.38823413E-05  2.38823413E-05 10 2
  310.  77.  2.21342925E-05  2.21342925E-05 10 2
  310.  79.  2.05789383E-05  2.05789383E-05 10 2
  310.  81.  1.91877807E-05  1.91877807E-05 10 2
  310.  83.  1.79375966E-05  1.79375966E-05 10 2
  310.  85.  1.68092829E-05  1.68092829E-05 10 2
  310.  87.  1.57869781E-05  1.57869781E-05 10 2
  310.  89.  1.48574118E-05  1.48574118E-05 10 2
  310.  91.  1.40093862E-05  1.40093862E-05 10 2
  310.  93.  1.3233398E-05  1.3233398E-05 10 2
  310.  95.  1.25213237E-05  1.25213237E-05 10 2
  310.  97.  1.18661837E-05  1.18661837E-05 10 2
  310.  99.  1.12619491E-05  1.12619491E-05 10 2
  310.  101.  1.07033839E-05  1.07033839E-05 10 2
  310.  103.  1.01859223E-05  1.01859223E-05 10 2
  310.  105.  9.7055663E-06  9.7055663E-06 10 2
  310.  107.  9.25879976E-06  9.25879976E-06 10 2
  310.  109.  8.84252131E-06  8.84252131E-06 10 2
  310.  111.  8.45398426E-06  8.45398426E-06 10 2
  310.  113.  8.09074936E-06  8.09074936E-06 10 2
  310.  115.  7.75064109E-06  7.75064109E-06 10 2
  310.  117.  7.43171813E-06  7.43171813E-06 10 2
  310.  119.  7.13224063E-06  7.13224063E-06 10 2
  310.  121.  6.85064333E-06  6.85064333E-06 10 2
  310.  123.  6.58551926E-06  6.58551926E-06 10 2
  310.  125.  6.3355983E-06  6.3355983E-06 10 2
  310.  127.  6.09973085E-06  6.09973085E-06 10 2
  310.  129.  5.87687464E-06  5.87687464E-06 10 2
  310.  131.  5.66608423E-06  5.66608423E-06 10 2
  310.  133.  5.46649744E-06  5.46649744E-06 10 2
  310.  135.  5.27732982E-06  5.27732982E-06 10 2
  310.  137.  5.09786423E-06  5.09786423E-06 10 2
  310.  139.  4.92744493E-06  4.92744493E-06 10 2
  310.  141.  4.76547029E-06  4.76547029E-06 10 2
  310.  143.  4.61138825E-06  4.61138825E-06 10 2
  310.  145.  4.46469267E-06  4.46469267E-06 10 2
  310.  147.  4.32491606E-06  4.32491606E-06 10 2
  310.  149.  4.19162825E-06  4.19162825E-06 10 2
  310.  151.  4.06443223E-06  4.06443223E-06 10 2
  310.  153.  3.94296012E-06  3.94296012E-06 10 2
  310.  155.  3.82687313E-06  3.82687313E-06 10 2
  310.  157.  3.71585543E-06  3.71585543E-06 10 2
  310.  159.  3.60961553E-06  3.60961553E-06 10 2
  310.  161.  3.50788241E-06  3.50788241E-06 10 2
  310.  163.  3.41040322E-06  3.41040322E-06 10 2
  310.  165.  3.31694378E-06  3.31694378E-06 10 2
  310.  167.  3.22728488E-06  3.22728488E-06 10 2
  310.  169.  3.14122326E-06  3.14122326E-06 10 2
  310.  171.  3.05856815E-06  3.05856815E-06 10 2
  310.  173.  2.97914107E-06  2.97914107E-06 10 2
  310.  175.  2.90277626E-06  2.90277626E-06 10 2
  310.  177.  2.82931796E-06  2.82931796E-06 10 2
  310.  179.  2.75861953E-06  2.75861953E-06 10 2
  310.  181.  2.69054453E-06  2.69054453E-06 10 2
  310.  183.  2.62496428E-06  2.62496428E-06 10 2
  310.  185.  2.56175827E-06  2.56175827E-06 10 2
  310.  187.  2.50081257E-06  2.50081257E-06 10 2
  310.  189.  2.44202079E-06  2.44202079E-06 10 2
  310.  191.  2.38528219E-06  2.38528219E-06 10 2
  310.  193.  2.33050241E-06  2.33050241E-06 10 2
  310.  195.  2.27759142E-06  2.27759142E-06 10 2
  310.  197.  2.22646599E-06  2.22646599E-06 10 2
  310.  199.  2.17704564E-06  2.17704564E-06 10 2
  320.  1.  0.  0. 10 2
  320.  3.  0.  0. 10 2
  320.  5.  0.  0. 10 2
  320.  7.  0.  0. 10 2
  320.  9.  0.  0. 10 2
  320.  11.  0.0555766486  0.0555766486 10 2
  320.  13.  0.00346433558  0.00346433558 10 2
  320.  15.  0.00172005536  0.00172005536 10 2
  320.  17.  0.00215520849  0.00215520849 10 2
  320.  19.  0.00141264219  0.00141264219 10 2
  320.  21.  0.00178860384  0.00178860384 10 2
  320.  23.  0.00233455468  0.00233455468 10 2
  320.  25.  0.00161365641  0.00161365641 10 2
  320.  27.  0.000864168978  0.000864168978 10 2
  320.  29.  0.000498826324  0.000498826324 10 2
  320.  31.  0.00032002735  0.00032002735 10 2
  320.  33.  0.000223037903  0.000223037903 10 2
  320.  35.  0.000165402613  0.000165402613 10 2
  320.  37.  0.000128745669  0.000128745669 10 2
  320.  39.  0.000104320454  0.000104320454 10 2
  320.  41.  8.7598768E-05  8.7598768E-05 10 2
  320.  43.  7.60347612E-05  7.60347612E-05 10 2
  320.  45.  6.79943478E-05  6.79943478E-05 10 2
  320.  47.  6.21422587E-05  6.21422587E-05 10 2
  320.  49.  5.71628589E-05  5.71628589E-05 10 2
  320.  51.  5.19935384E-05  5.19935384E-05 10 2
  320.  53.  4.63393953E-05  4.63393953E-05 10 2
  320.  55.  4.06286563E-05  4.06286563E-05 10 2
  320.  57.  3.53956166E-05  3.53956166E-05 10 2
  320.  59.  3.08991184E-05  3.08991184E-05 10 2
  320.  61.  2.71502631E-05  2.71502631E-05 10 2
  320.  63.  2.40498066E-05  2.40498066E-05 10 2
  320.  65.  2.14765823E-05  2.14765823E-05 10 2
  320.  67.  1.93225387E-05  1.93225387E-05 10 2
  320.  69.  1.7500839E-05  1.7500839E-05 10 2
  320.  71.  1.59443171E-05  1.59443171E-05 10 2
  320.  73.  1.46015373E-05  1.46015373E-05 10 2
  320.  75.  1.34330176E-05  1.34330176E-05 10 2
  320.  77.  1.2408178E-05  1.2408178E-05 10 2
  320.  79.  1.15030825E-05  1.15030825E-05 10 2
  320.  81.  1.06987645E-05  1.06987645E-05 10 2
  320.  83.  9.98002633E-06  9.98002633E-06 10 2
  320.  85.  9.33454976E-06  9.33454976E-06 10 2
  320.  87.  8.75225214E-06  8.75225214E-06 10 2
  320.  89.  8.22479706E-06  8.22479706E-06 10 2
  320.  91.  7.74523505E-06  7.74523505E-06 10 2
  320.  93.  7.30772581E-06  7.30772581E-06 10 2
  320.  95.  6.90732531E-06  6.90732531E-06 10 2
  320.  97.  6.53981942E-06  6.53981942E-06 10 2
  320.  99.  6.20159562E-06  6.20159562E-06 10 2
  320.  101.  5.88953935E-06  5.88953935E-06 10 2
  320.  103.  5.60095077E-06  5.60095077E-06 10 2
  320.  105.  5.33347929E-06  5.33347929E-06 10 2
  320.  107.  5.0850681E-06  5.0850681E-06 10 2
  320.  109.  4.85391138E-06  4.85391138E-06 10 2
  320.  111.  4.63841707E-06  4.63841707E-06 10 2
  320.  113.  4.43717545E-06  4.43717545E-06 10 2
  320.  115.  4.24893597E-06  4.24893597E-06 10 2
  320.  117.  4.07258494E-06  4.07258494E-06 10 2
  320.  119.  3.90712603E-06  3.90712603E-06 10 2
  320.  121.  3.75166815E-06  3.75166815E-06 10 2
  320.  123.  3.60541071E-06  3.60541071E-06 10 2
  320.  125.  3.46763272E-06  3.46763272E-06 10 2
  320.  127.  3.33768344E-06  3.33768344E-06 10 2
  320.  129.  3.21497373E-06  3.21497373E-06 10 2
  320.  131.  3.09897041E-06  3.09897041E-06 10 2
  320.  133.  2.98918849E-06  2.98918849E-06 10 2
  320.  135.  2.88518663E-06  2.88518663E-06 10 2
  320.  137.  2.78656171E-06  2.78656171E-06 10 2
  320.  139.  2.69294719E-06  2.69294719E-06 10 2
  320.  141.  2.60400589E-06  2.60400589E-06 10 2
  320.  143.  2.51942924E-06  2.51942924E-06 10 2
  320.  145.  2.43893464E-06  2.43893464E-06 10 2
  320.  147.  2.36226128E-06  2.36226128E-06 10 2
  320.  149.  2.28916929E-06  2.28916929E-06 10 2
  320.  151.  2.2194381E-06  2.2194381E-06 10 2
  320.  153.  2.15286286E-06  2.15286286E-06 10 2
  320.  155.  2.08925485E-06  2.08925485E-06 10 2
  320.  157.  2.02843967E-06  2.02843967E-06 10 2
  320.  159.  1.97025497E-06  1.97025497E-06 10 2
  320.  161.  1.91455047E-06  1.91455047E-06 10 2
  320.  163.  1.86118632E-06  1.86118632E-06 10 2
  320.  165.  1.8100327E-06  1.8100327E-06 10 2
  320.  167.  1.76096864E-06  1.76096864E-06 10 2
  320.  169.  1.71388103E-06  1.71388103E-06 10 2
  320.  171.  1.66866482E-06  1.66866482E-06 10 2
  320.  173.  1.62522178E-06  1.62522178E-06 10 2
  320.  175.  1.58345995E-06  1.58345995E-06 10 2
  320.  177.  1.54329325E-06  1.54329325E-06 10 2
  320.  179.  1.5046412E-06  1.5046412E-06 10 2
  320.  181.  1.46742843E-06  1.46742843E-06 10 2
  320.  183.  1.43158377E-06  1.43158377E-06 10 2
  320.  185.  1.39704093E-06  1.39704093E-06 10 2
  320.  187.  1.36373751E-06  1.36373751E-06 10 2
  320.  189.  1.3316145E-06  1.3316145E-06 10 2
  320.  191.  1.30061665E-06  1.30061665E-06 10 2
  320.  193.  1.27069188E-06  1.27069188E-06 10 2
  320.  195.  1.2417911E-06  1.2417911E-06 10 2
  320.  197.  1.2138679E-06  1.2138679E-06 10 2
  320.  199.  1.18687865E-06  1.18687865E-06 10 2
  330.  1.  0.  0. 10 2
  330.  3.  0.  0. 10 2
  330.  5.  0.  0. 10 2
  330.  7.  0.  0. 10 2
  330.  9.  0.  0. 10 2
  330.  11.  0.0315443911  0.0315443911 10 2
  330.  13.  0.00192012917  0.00192012917 10 2
  330.  15.  0.000867857598  0.000867857598 10 2
  330.  17.  0.00100498414  0.00100498414 10 2
  330.  19.  0.000640509126  0.000640509126 10 2
  330.  21.  0.000778589456  0.000778589456 10 2
  330.  23.  0.000999283744  0.000999283744 10 2
  330.  25.  0.000693743059  0.000693743059 10 2
  330.  27.  0.000378506229  0.000378506229 10 2
  330.  29.  0.000225741926  0.000225741926 10 2
  330.  31.  0.000152474982  0.000152474982 10 2
  330.  33.  0.000114576884  0.000114576884 10 2
  330.  35.  9.33541596E-05  9.33541596E-05 10 2
  330.  37.  7.93225481E-05  7.93225481E-05 10 2
  330.  39.  6.77068383E-05  6.77068383E-05 10 2
  330.  41.  5.77034843E-05  5.77034843E-05 10 2
  330.  43.  4.99760099E-05  4.99760099E-05 10 2
  330.  45.  4.45883634E-05  4.45883634E-05 10 2
  330.  47.  4.08679152E-05  4.08679152E-05 10 2
  330.  49.  3.77769611E-05  3.77769611E-05 10 2
  330.  51.  3.43999163E-05  3.43999163E-05 10 2
  330.  53.  3.04798014E-05  3.04798014E-05 10 2
  330.  55.  2.63970796E-05  2.63970796E-05 10 2
  330.  57.  2.26290958E-05  2.26290958E-05 10 2
  330.  59.  1.94134154E-05  1.94134154E-05 10 2
  330.  61.  1.67705894E-05  1.67705894E-05 10 2
  330.  63.  1.46237735E-05  1.46237735E-05 10 2
  330.  65.  1.2875973E-05  1.2875973E-05 10 2
  330.  67.  1.14406002E-05  1.14406002E-05 10 2
  330.  69.  1.02486383E-05  1.02486383E-05 10 2
  330.  71.  9.24734286E-06  9.24734286E-06 10 2
  330.  73.  8.39691347E-06  8.39691347E-06 10 2
  330.  75.  7.66727226E-06  7.66727226E-06 10 2
  330.  77.  7.03551723E-06  7.03551723E-06 10 2
  330.  79.  6.48401601E-06  6.48401601E-06 10 2
  330.  81.  5.99903251E-06  5.99903251E-06 10 2
  330.  83.  5.569736E-06  5.569736E-06 10 2
  330.  85.  5.18748811E-06  5.18748811E-06 10 2
  330.  87.  4.84532256E-06  4.84532256E-06 10 2
  330.  89.  4.53756184E-06  4.53756184E-06 10 2
  330.  91.  4.2595384E-06  4.2595384E-06 10 2
  330.  93.  4.00737645E-06  4.00737645E-06 10 2
  330.  95.  3.77783704E-06  3.77783704E-06 10 2
  330.  97.  3.56818896E-06  3.56818896E-06 10 2
  330.  99.  3.3761155E-06  3.3761155E-06 10 2
  330.  101.  3.19963897E-06  3.19963897E-06 10 2
  330.  103.  3.03706088E-06  3.03706088E-06 10 2
  330.  105.  2.88691444E-06  2.88691444E-06 10 2
  330.  107.  2.74792751E-06  2.74792751E-06 10 2
  330.  109.  2.61899095E-06  2.61899095E-06 10 2
  330.  111.  2.49913364E-06  2.49913364E-06 10 2
  330.  113.  2.38750158E-06  2.38750158E-06 10 2
  330.  115.  2.28334216E-06  2.28334216E-06 10 2
  330.  117.  2.18598802E-06  2.18598802E-06 10 2
  330.  119.  2.09484688E-06  2.09484688E-06 10 2
  330.  121.  2.00939076E-06  2.00939076E-06 10 2
  330.  123.  1.9291474E-06  1.9291474E-06 10 2
  330.  125.  1.85369379E-06  1.85369379E-06 10 2
  330.  127.  1.78264963E-06  1.78264963E-06 10 2
  330.  129.  1.71567251E-06  1.71567251E-06 10 2
  330.  131.  1.65245285E-06  1.65245285E-06 10 2
  330.  133.  1.59271087E-06  1.59271087E-06 10 2
  330.  135.  1.53619214E-06  1.53619214E-06 10 2
  330.  137.  1.48266611E-06  1.48266611E-06 10 2
  330.  139.  1.4319221E-06  1.4319221E-06 10 2
  330.  141.  1.38376845E-06  1.38376845E-06 10 2
  330.  143.  1.33802962E-06  1.33802962E-06 10 2
  330.  145.  1.29454509E-06  1.29454509E-06 10 2
  330.  147.  1.2531674E-06  1.2531674E-06 10 2
  330.  149.  1.21376104E-06  1.21376104E-06 10 2
  330.  151.  1.17620164E-06  1.17620164E-06 10 2
  330.  153.  1.14037459E-06  1.14037459E-06 10 2
  330.  155.  1.10617361E-06  1.10617361E-06 10 2
  330.  157.  1.07350115E-06  1.07350115E-06 10 2
  330.  159.  1.0422666E-06  1.0422666E-06 10 2
  330.  161.  1.01238606E-06  1.01238606E-06 10 2
  330.  163.  9.83781774E-07  9.83781774E-07 10 2
  330.  165.  9.56381427E-07  9.56381427E-07 10 2
  330.  167.  9.30118119E-07  9.30118119E-07 10 2
  330.  169.  9.04929095E-07  9.04929095E-07 10 2
  330.  171.  8.80756318E-07  8.80756318E-07 10 2
  330.  173.  8.57545274E-07  8.57545274E-07 10 2
  330.  175.  8.35245487E-07  8.35245487E-07 10 2
  330.  177.  8.13809493E-07  8.13809493E-07 10 2
  330.  179.  7.93192896E-07  7.93192896E-07 10 2
  330.  181.  7.73354259E-07  7.73354259E-07 10 2
  330.  183.  7.542547E-07  7.542547E-07 10 2
  330.  185.  7.35857782E-07  7.35857782E-07 10 2
  330.  187.  7.18129172E-07  7.18129172E-07 10 2
  330.  189.  7.01036868E-07  7.01036868E-07 10 2
  330.  191.  6.84550457E-07  6.84550457E-07 10 2
  330.  193.  6.68641576E-07  6.68641576E-07 10 2
  330.  195.  6.5328345E-07  6.5328345E-07 10 2
  330.  197.  6.38450842E-07  6.38450842E-07 10 2
  330.  199.  6.24119821E-07  6.24119821E-07 10 2
  340.  1.  0.  0. 10 2
  340.  3.  0.  0. 10 2
  340.  5.  0.  0. 10 2
  340.  7.  0.  0. 10 2
  340.  9.  0.  0. 10 2
  340.  11.  0.0161685944  0.0161685944 10 2
  340.  13.  0.000959030003  0.000959030003 10 2
  340.  15.  0.00038377117  0.00038377117 10 2
  340.  17.  0.000390502508  0.000390502508 10 2
  340.  19.  0.000238503242  0.000238503242 10 2
  340.  21.  0.000267794443  0.000267794443 10 2
  340.  23.  0.000331329036  0.000331329036 10 2
  340.  25.  0.000234466046  0.000234466046 10 2
  340.  27.  0.000136683127  0.000136683127 10 2
  340.  29.  9.12514006E-05  9.12514006E-05 10 2
  340.  31.  7.23229095E-05  7.23229095E-05 10 2
  340.  33.  6.58924328E-05  6.58924328E-05 10 2
  340.  35.  6.469035E-05  6.469035E-05 10 2
  340.  37.  6.27808404E-05  6.27808404E-05 10 2
  340.  39.  5.68120013E-05  5.68120013E-05 10 2
  340.  41.  4.83939803E-05  4.83939803E-05 10 2
  340.  43.  4.06778745E-05  4.06778745E-05 10 2
  340.  45.  3.50031805E-05  3.50031805E-05 10 2
  340.  47.  3.11121257E-05  3.11121257E-05 10 2
  340.  49.  2.81093453E-05  2.81093453E-05 10 2
  340.  51.  2.51454148E-05  2.51454148E-05 10 2
  340.  53.  2.19185295E-05  2.19185295E-05 10 2
  340.  55.  1.866409E-05  1.866409E-05 10 2
  340.  57.  1.57183877E-05  1.57183877E-05 10 2
  340.  59.  1.32437071E-05  1.32437071E-05 10 2
  340.  61.  1.12404286E-05  1.12404286E-05 10 2
  340.  63.  9.63799266E-06  9.63799266E-06 10 2
  340.  65.  8.35370065E-06  8.35370065E-06 10 2
  340.  67.  7.31547061E-06  7.31547061E-06 10 2
  340.  69.  6.46661101E-06  6.46661101E-06 10 2
  340.  71.  5.76424736E-06  5.76424736E-06 10 2
  340.  73.  5.17632634E-06  5.17632634E-06 10 2
  340.  75.  4.6788582E-06  4.6788582E-06 10 2
  340.  77.  4.25374901E-06  4.25374901E-06 10 2
  340.  79.  3.887209E-06  3.887209E-06 10 2
  340.  81.  3.56860687E-06  3.56860687E-06 10 2
  340.  83.  3.28964893E-06  3.28964893E-06 10 2
  340.  85.  3.04378955E-06  3.04378955E-06 10 2
  340.  87.  2.82580686E-06  2.82580686E-06 10 2
  340.  89.  2.63149195E-06  2.63149195E-06 10 2
  340.  91.  2.45741899E-06  2.45741899E-06 10 2
  340.  93.  2.30077558E-06  2.30077558E-06 10 2
  340.  95.  2.15923228E-06  2.15923228E-06 10 2
  340.  97.  2.03084664E-06  2.03084664E-06 10 2
  340.  99.  1.9139859E-06  1.9139859E-06 10 2
  340.  101.  1.80726909E-06  1.80726909E-06 10 2
  340.  103.  1.70952103E-06  1.70952103E-06 10 2
  340.  105.  1.61973617E-06  1.61973617E-06 10 2
  340.  107.  1.537049E-06  1.537049E-06 10 2
  340.  109.  1.46071102E-06  1.46071102E-06 10 2
  340.  111.  1.3900725E-06  1.3900725E-06 10 2
  340.  113.  1.32456603E-06  1.32456603E-06 10 2
  340.  115.  1.26369491E-06  1.26369491E-06 10 2
  340.  117.  1.20702202E-06  1.20702202E-06 10 2
  340.  119.  1.15416196E-06  1.15416196E-06 10 2
  340.  121.  1.10477299E-06  1.10477299E-06 10 2
  340.  123.  1.05855179E-06  1.05855179E-06 10 2
  340.  125.  1.01522812E-06  1.01522812E-06 10 2
  340.  127.  9.74560066E-07  9.74560066E-07 10 2
  340.  129.  9.36331105E-07  9.36331105E-07 10 2
  340.  131.  9.00347004E-07  9.00347004E-07 10 2
  340.  133.  8.66432174E-07  8.66432174E-07 10 2
  340.  135.  8.34428704E-07  8.34428704E-07 10 2
  340.  137.  8.04193235E-07  8.04193235E-07 10 2
  340.  139.  7.7559605E-07  7.7559605E-07 10 2
  340.  141.  7.48519199E-07  7.48519199E-07 10 2
  340.  143.  7.22855305E-07  7.22855305E-07 10 2
  340.  145.  6.98506426E-07  6.98506426E-07 10 2
  340.  147.  6.75383149E-07  6.75383149E-07 10 2
  340.  149.  6.53403447E-07  6.53403447E-07 10 2
  340.  151.  6.32492345E-07  6.32492345E-07 10 2
  340.  153.  6.12580777E-07  6.12580777E-07 10 2
  340.  155.  5.93605307E-07  5.93605307E-07 10 2
  340.  157.  5.7550767E-07  5.7550767E-07 10 2
  340.  159.  5.58233808E-07  5.58233808E-07 10 2
  340.  161.  5.41734039E-07  5.41734039E-07 10 2
  340.  163.  5.25962264E-07  5.25962264E-07 10 2
  340.  165.  5.10876021E-07  5.10876021E-07 10 2
  340.  167.  4.96435575E-07  4.96435575E-07 10 2
  340.  169.  4.82604435E-07  4.82604435E-07 10 2
  340.  171.  4.69348294E-07  4.69348294E-07 10 2
  340.  173.  4.56635604E-07  4.56635604E-07 10 2
  340.  175.  4.44436751E-07  4.44436751E-07 10 2
  340.  177.  4.32724192E-07  4.32724192E-07 10 2
  340.  179.  4.21472208E-07  4.21472208E-07 10 2
  340.  181.  4.10656781E-07  4.10656781E-07 10 2
  340.  183.  4.00255459E-07  4.00255459E-07 10 2
  340.  185.  3.9024718E-07  3.9024718E-07 10 2
  340.  187.  3.80612278E-07  3.80612278E-07 10 2
  340.  189.  3.71332249E-07  3.71332249E-07 10 2
  340.  191.  3.62389812E-07  3.62389812E-07 10 2
  340.  193.  3.53768627E-07  3.53768627E-07 10 2
  340.  195.  3.45453401E-07  3.45453401E-07 10 2
  340.  197.  3.37429753E-07  3.37429753E-07 10 2
  340.  199.  3.29684127E-07  3.29684127E-07 10 2
  350.  1.  0.  0. 10 2
  350.  3.  0.  0. 10 2
  350.  5.  0.  0. 10 2
  350.  7.  0.  0. 10 2
  350.  9.  0.  0. 10 2
  350.  11.  0.00713844504  0.00713844504 10 2
  350.  13.  0.000412236463  0.000412236463 10 2
  350.  15.  0.000140035467  0.000140035467 10 2
  350.  17.  0.000110542474  0.000110542474 10 2
  350.  19.  6.34359021E-05  6.34359021E-05 10 2
  350.  21.  5.77551691E-05  5.77551691E-05 10 2
  350.  23.  6.29225906E-05  6.29225906E-05 10 2
  350.  25.  5.01200484E-05  5.01200484E-05 10 2
  350.  27.  3.92338115E-05  3.92338115E-05 10 2
  350.  29.  3.71241294E-05  3.71241294E-05 10 2
  350.  31.  4.0593437E-05  4.0593437E-05 10 2
  350.  33.  4.7547237E-05  4.7547237E-05 10 2
  350.  35.  5.50876903E-05  5.50876903E-05 10 2
  350.  37.  5.83468427E-05  5.83468427E-05 10 2
  350.  39.  5.43225506E-05  5.43225506E-05 10 2
  350.  41.  4.5798115E-05  4.5798115E-05 10 2
  350.  43.  3.72569739E-05  3.72569739E-05 10 2
  350.  45.  3.07210576E-05  3.07210576E-05 10 2
  350.  47.  2.61598598E-05  2.61598598E-05 10 2
  350.  49.  2.27888631E-05  2.27888631E-05 10 2
  350.  51.  1.98310572E-05  1.98310572E-05 10 2
  350.  53.  1.69429986E-05  1.69429986E-05 10 2
  350.  55.  1.42083763E-05  1.42083763E-05 10 2
  350.  57.  1.18128864E-05  1.18128864E-05 10 2
  350.  59.  9.83635618E-06  9.83635618E-06 10 2
  350.  61.  8.25457664E-06  8.25457664E-06 10 2
  350.  63.  7.00033024E-06  7.00033024E-06 10 2
  350.  65.  6.00289513E-06  6.00289513E-06 10 2
  350.  67.  5.20264712E-06  5.20264712E-06 10 2
  350.  69.  4.55335248E-06  4.55335248E-06 10 2
  350.  71.  4.02028991E-06  4.02028991E-06 10 2
  350.  73.  3.57760791E-06  3.57760791E-06 10 2
  350.  75.  3.20601453E-06  3.20601453E-06 10 2
  350.  77.  2.89099694E-06  2.89099694E-06 10 2
  350.  79.  2.62152321E-06  2.62152321E-06 10 2
  350.  81.  2.38911275E-06  2.38911275E-06 10 2
  350.  83.  2.18717059E-06  2.18717059E-06 10 2
  350.  85.  2.01051034E-06  2.01051034E-06 10 2
  350.  87.  1.85501119E-06  1.85501119E-06 10 2
  350.  89.  1.71736508E-06  1.71736508E-06 10 2
  350.  91.  1.59489196E-06  1.59489196E-06 10 2
  350.  93.  1.48540153E-06  1.48540153E-06 10 2
  350.  95.  1.38708901E-06  1.38708901E-06 10 2
  350.  97.  1.29845637E-06  1.29845637E-06 10 2
  350.  99.  1.21825144E-06  1.21825144E-06 10 2
  350.  101.  1.14542024E-06  1.14542024E-06 10 2
  350.  103.  1.0790709E-06  1.0790709E-06 10 2
  350.  105.  1.01844353E-06  1.01844353E-06 10 2
  350.  107.  9.62888407E-07  9.62888407E-07 10 2
  350.  109.  9.1184603E-07  9.1184603E-07 10 2
  350.  111.  8.64833112E-07  8.64833112E-07 10 2
  350.  113.  8.21430092E-07  8.21430092E-07 10 2
  350.  115.  7.81271297E-07  7.81271297E-07 10 2
  350.  117.  7.44036697E-07  7.44036697E-07 10 2
  350.  119.  7.09445317E-07  7.09445317E-07 10 2
  350.  121.  6.77249261E-07  6.77249261E-07 10 2
  350.  123.  6.47229569E-07  6.47229569E-07 10 2
  350.  125.  6.19191951E-07  6.19191951E-07 10 2
  350.  127.  5.92963431E-07  5.92963431E-07 10 2
  350.  129.  5.68389908E-07  5.68389908E-07 10 2
  350.  131.  5.45333364E-07  5.45333364E-07 10 2
  350.  133.  5.23669939E-07  5.23669939E-07 10 2
  350.  135.  5.03288391E-07  5.03288391E-07 10 2
  350.  137.  4.84088559E-07  4.84088559E-07 10 2
  350.  139.  4.65979781E-07  4.65979781E-07 10 2
  350.  141.  4.48880115E-07  4.48880115E-07 10 2
  350.  143.  4.32715154E-07  4.32715154E-07 10 2
  350.  145.  4.17417397E-07  4.17417397E-07 10 2
  350.  147.  4.02925309E-07  4.02925309E-07 10 2
  350.  149.  3.8918273E-07  3.8918273E-07 10 2
  350.  151.  3.76138416E-07  3.76138416E-07 10 2
  350.  153.  3.63745414E-07  3.63745414E-07 10 2
  350.  155.  3.5196075E-07  3.5196075E-07 10 2
  350.  157.  3.4074489E-07  3.4074489E-07 10 2
  350.  159.  3.30061482E-07  3.30061482E-07 10 2
  350.  161.  3.19877131E-07  3.19877131E-07 10 2
  350.  163.  3.10160942E-07  3.10160942E-07 10 2
  350.  165.  3.00884494E-07  3.00884494E-07 10 2
  350.  167.  2.92021383E-07  2.92021383E-07 10 2
  350.  169.  2.8354728E-07  2.8354728E-07 10 2
  350.  171.  2.75439561E-07  2.75439561E-07 10 2
  350.  173.  2.67677279E-07  2.67677279E-07 10 2
  350.  175.  2.60240967E-07  2.60240967E-07 10 2
  350.  177.  2.53112461E-07  2.53112461E-07 10 2
  350.  179.  2.46274936E-07  2.46274936E-07 10 2
  350.  181.  2.39712648E-07  2.39712648E-07 10 2
  350.  183.  2.33410915E-07  2.33410915E-07 10 2
  350.  185.  2.27356082E-07  2.27356082E-07 10 2
  350.  187.  2.21535302E-07  2.21535302E-07 10 2
  350.  189.  2.15936623E-07  2.15936623E-07 10 2
  350.  191.  2.10548805E-07  2.10548805E-07 10 2
  350.  193.  2.05361331E-07  2.05361331E-07 10 2
  350.  195.  2.00364354E-07  2.00364354E-07 10 2
  350.  197.  1.95548594E-07  1.95548594E-07 10 2
  350.  199.  1.90905354E-07  1.90905354E-07 10 2
  360.  1.  0.  0. 10 2
  360.  3.  0.  0. 10 2
  360.  5.  0.  0. 10 2
  360.  7.  0.  0. 10 2
  360.  9.  0.  0. 10 2
  360.  11.  0.00243767211  0.00243767211 10 2
  360.  13.  0.000141454628  0.000141454628 10 2
  360.  15.  4.47574894E-05  4.47574894E-05 10 2
  360.  17.  2.77167001E-05  2.77167001E-05 10 2
  360.  19.  2.1518028E-05  2.1518028E-05 10 2
  360.  21.  2.26048269E-05  2.26048269E-05 10 2
  360.  23.  2.58977416E-05  2.58977416E-05 10 2
  360.  25.  2.45116807E-05  2.45116807E-05 10 2
  360.  27.  2.44435669E-05  2.44435669E-05 10 2
  360.  29.  2.79966462E-05  2.79966462E-05 10 2
  360.  31.  3.46160741E-05  3.46160741E-05 10 2
  360.  33.  4.35862858E-05  4.35862858E-05 10 2
  360.  35.  5.24921634E-05  5.24921634E-05 10 2
  360.  37.  5.6519264E-05  5.6519264E-05 10 2
  360.  39.  5.26597869E-05  5.26597869E-05 10 2
  360.  41.  4.3885062E-05  4.3885062E-05 10 2
  360.  43.  3.49177062E-05  3.49177062E-05 10 2
  360.  45.  2.79175274E-05  2.79175274E-05 10 2
  360.  47.  2.29445031E-05  2.29445031E-05 10 2
  360.  49.  1.93266551E-05  1.93266551E-05 10 2
  360.  51.  1.63864061E-05  1.63864061E-05 10 2
  360.  53.  1.37715206E-05  1.37715206E-05 10 2
  360.  55.  1.14492041E-05  1.14492041E-05 10 2
  360.  57.  9.48239722E-06  9.48239722E-06 10 2
  360.  59.  7.88423677E-06  7.88423677E-06 10 2
  360.  61.  6.61251033E-06  6.61251033E-06 10 2
  360.  63.  5.60514491E-06  5.60514491E-06 10 2
  360.  65.  4.8032266E-06  4.8032266E-06 10 2
  360.  67.  4.15874183E-06  4.15874183E-06 10 2
  360.  69.  3.63492109E-06  3.63492109E-06 10 2
  360.  71.  3.20424783E-06  3.20424783E-06 10 2
  360.  73.  2.84622365E-06  2.84622365E-06 10 2
  360.  75.  2.54551173E-06  2.54551173E-06 10 2
  360.  77.  2.29053512E-06  2.29053512E-06 10 2
  360.  79.  2.0724608E-06  2.0724608E-06 10 2
  360.  81.  1.88447427E-06  1.88447427E-06 10 2
  360.  83.  1.72125817E-06  1.72125817E-06 10 2
  360.  85.  1.57861882E-06  1.57861882E-06 10 2
  360.  87.  1.45321417E-06  1.45321417E-06 10 2
  360.  89.  1.34235597E-06  1.34235597E-06 10 2
  360.  91.  1.24386156E-06  1.24386156E-06 10 2
  360.  93.  1.15594491E-06  1.15594491E-06 10 2
  360.  95.  1.07713208E-06  1.07713208E-06 10 2
  360.  97.  1.00619877E-06  1.00619877E-06 10 2
  360.  99.  9.42120664E-07  9.42120664E-07 10 2
  360.  101.  8.8403533E-07  8.8403533E-07 10 2
  360.  103.  8.31212844E-07  8.31212844E-07 10 2
  360.  105.  7.83031453E-07  7.83031453E-07 10 2
  360.  107.  7.38959045E-07  7.38959045E-07 10 2
  360.  109.  6.98538258E-07  6.98538258E-07 10 2
  360.  111.  6.6137369E-07  6.6137369E-07 10 2
  360.  113.  6.27122461E-07  6.27122461E-07 10 2
  360.  115.  5.95486028E-07  5.95486028E-07 10 2
  360.  117.  5.66203028E-07  5.66203028E-07 10 2
  360.  119.  5.39044379E-07  5.39044379E-07 10 2
  360.  121.  5.13808118E-07  5.13808118E-07 10 2
  360.  123.  4.9031604E-07  4.9031604E-07 10 2
  360.  125.  4.68410008E-07  4.68410008E-07 10 2
  360.  127.  4.47949759E-07  4.47949759E-07 10 2
  360.  129.  4.28809983E-07  4.28809983E-07 10 2
  360.  131.  4.10878926E-07  4.10878926E-07 10 2
  360.  133.  3.94056428E-07  3.94056428E-07 10 2
  360.  135.  3.78252423E-07  3.78252423E-07 10 2
  360.  137.  3.6338588E-07  3.6338588E-07 10 2
  360.  139.  3.49383868E-07  3.49383868E-07 10 2
  360.  141.  3.36180221E-07  3.36180221E-07 10 2
  360.  143.  3.23715142E-07  3.23715142E-07 10 2
  360.  145.  3.11934315E-07  3.11934315E-07 10 2
  360.  147.  3.00788315E-07  3.00788315E-07 10 2
  360.  149.  2.90232123E-07  2.90232123E-07 10 2
  360.  151.  2.80224725E-07  2.80224725E-07 10 2
  360.  153.  2.70728577E-07  2.70728577E-07 10 2
  360.  155.  2.61709289E-07  2.61709289E-07 10 2
  360.  157.  2.53135312E-07  2.53135312E-07 10 2
  360.  159.  2.44977713E-07  2.44977713E-07 10 2
  360.  161.  2.37209832E-07  2.37209832E-07 10 2
  360.  163.  2.29807199E-07  2.29807199E-07 10 2
  360.  165.  2.22747161E-07  2.22747161E-07 10 2
  360.  167.  2.16008814E-07  2.16008814E-07 10 2
  360.  169.  2.09572846E-07  2.09572846E-07 10 2
  360.  171.  2.03421379E-07  2.03421379E-07 10 2
  360.  173.  1.9753783E-07  1.9753783E-07 10 2
  360.  175.  1.91906807E-07  1.91906807E-07 10 2
  360.  177.  1.86514043E-07  1.86514043E-07 10 2
  360.  179.  1.81346209E-07  1.81346209E-07 10 2
  360.  181.  1.76390927E-07  1.76390927E-07 10 2
  360.  183.  1.71636714E-07  1.71636714E-07 10 2
  360.  185.  1.6707277E-07  1.6707277E-07 10 2
  360.  187.  1.62689005E-07  1.62689005E-07 10 2
  360.  189.  1.58476126E-07  1.58476126E-07 10 2
  360.  191.  1.54425265E-07  1.54425265E-07 10 2
  360.  193.  1.50528237E-07  1.50528237E-07 10 2
  360.  195.  1.46777296E-07  1.46777296E-07 10 2
  360.  197.  1.43165266E-07  1.43165266E-07 10 2
  360.  199.  1.39685298E-07  1.39685298E-07 10 2
  370.  1.  0.  0. 10 2
  370.  3.  0.  0. 10 2
  370.  5.  0.  0. 10 2
  370.  7.  0.  0. 10 2
  370.  9.  0.  0. 10 2
  370.  11.  0.000438182178  0.000438182178 10 2
  370.  13.  3.05758367E-05  3.05758367E-05 10 2
  370.  15.  1.54584886E-05  1.54584886E-05 10 2
  370.  17.  1.59720203E-05  1.59720203E-05 10 2
  370.  19.  1.81991418E-05  1.81991418E-05 10 2
  370.  21.  2.70220589E-05  2.70220589E-05 10 2
  370.  23.  3.63216168E-05  3.63216168E-05 10 2
  370.  25.  3.08813869E-05  3.08813869E-05 10 2
  370.  27.  2.59416229E-05  2.59416229E-05 10 2
  370.  29.  2.68930344E-05  2.68930344E-05 10 2
  370.  31.  3.18523744E-05  3.18523744E-05 10 2
  370.  33.  3.94391973E-05  3.94391973E-05 10 2
  370.  35.  4.71791791E-05  4.71791791E-05 10 2
  370.  37.  5.05954595E-05  5.05954595E-05 10 2
  370.  39.  4.69083243E-05  4.69083243E-05 10 2
  370.  41.  3.8771148E-05  3.8771148E-05 10 2
  370.  43.  3.04369532E-05  3.04369532E-05 10 2
  370.  45.  2.38613702E-05  2.38613702E-05 10 2
  370.  47.  1.91334057E-05  1.91334057E-05 10 2
  370.  49.  1.57148315E-05  1.57148315E-05 10 2
  370.  51.  1.30582202E-05  1.30582202E-05 10 2
  370.  53.  1.08441955E-05  1.08441955E-05 10 2
  370.  55.  8.97590962E-06  8.97590962E-06 10 2
  370.  57.  7.4381478E-06  7.4381478E-06 10 2
  370.  59.  6.20364744E-06  6.20364744E-06 10 2
  370.  61.  5.22393157E-06  5.22393157E-06 10 2
  370.  63.  4.44622447E-06  4.44622447E-06 10 2
  370.  65.  3.82445614E-06  3.82445614E-06 10 2
  370.  67.  3.32221066E-06  3.32221066E-06 10 2
  370.  69.  2.91189804E-06  2.91189804E-06 10 2
  370.  71.  2.57290958E-06  2.57290958E-06 10 2
  370.  73.  2.28985891E-06  2.28985891E-06 10 2
  370.  75.  2.05118181E-06  2.05118181E-06 10 2
  370.  77.  1.84810312E-06  1.84810312E-06 10 2
  370.  79.  1.67388941E-06  1.67388941E-06 10 2
  370.  81.  1.52331666E-06  1.52331666E-06 10 2
  370.  83.  1.39228632E-06  1.39228632E-06 10 2
  370.  85.  1.27754947E-06  1.27754947E-06 10 2
  370.  87.  1.17650472E-06  1.17650472E-06 10 2
  370.  89.  1.08705046E-06  1.08705046E-06 10 2
  370.  91.  1.00747366E-06  1.00747366E-06 10 2
  370.  93.  9.36366746E-07  9.36366746E-07 10 2
  370.  95.  8.72564954E-07  8.72564954E-07 10 2
  370.  97.  8.15097508E-07  8.15097508E-07 10 2
  370.  99.  7.63150013E-07  7.63150013E-07 10 2
  370.  101.  7.16035117E-07  7.16035117E-07 10 2
  370.  103.  6.73169666E-07  6.73169666E-07 10 2
  370.  105.  6.34055709E-07  6.34055709E-07 10 2
  370.  107.  5.98266865E-07  5.98266865E-07 10 2
  370.  109.  5.65435357E-07  5.65435357E-07 10 2
  370.  111.  5.35243203E-07  5.35243203E-07 10 2
  370.  113.  5.07414256E-07  5.07414256E-07 10 2
  370.  115.  4.81707218E-07  4.81707218E-07 10 2
  370.  117.  4.57911398E-07  4.57911398E-07 10 2
  370.  119.  4.35841372E-07  4.35841372E-07 10 2
  370.  121.  4.1533383E-07  4.1533383E-07 10 2
  370.  123.  3.96244246E-07  3.96244246E-07 10 2
  370.  125.  3.78444639E-07  3.78444639E-07 10 2
  370.  127.  3.61821009E-07  3.61821009E-07 10 2
  370.  129.  3.46271889E-07  3.46271889E-07 10 2
  370.  131.  3.31706275E-07  3.31706275E-07 10 2
  370.  133.  3.18042908E-07  3.18042908E-07 10 2
  370.  135.  3.05208573E-07  3.05208573E-07 10 2
  370.  137.  2.9313739E-07  2.9313739E-07 10 2
  370.  139.  2.81769957E-07  2.81769957E-07 10 2
  370.  141.  2.710525E-07  2.710525E-07 10 2
  370.  143.  2.60936304E-07  2.60936304E-07 10 2
  370.  145.  2.51377116E-07  2.51377116E-07 10 2
  370.  147.  2.42334778E-07  2.42334778E-07 10 2
  370.  149.  2.33772553E-07  2.33772553E-07 10 2
  370.  151.  2.25657061E-07  2.25657061E-07 10 2
  370.  153.  2.17957663E-07  2.17957663E-07 10 2
  370.  155.  2.10646348E-07  2.10646348E-07 10 2
  370.  157.  2.03697439E-07  2.03697439E-07 10 2
  370.  159.  1.97087374E-07  1.97087374E-07 10 2
  370.  161.  1.90794381E-07  1.90794381E-07 10 2
  370.  163.  1.84798509E-07  1.84798509E-07 10 2
  370.  165.  1.79081312E-07  1.79081312E-07 10 2
  370.  167.  1.73625764E-07  1.73625764E-07 10 2
  370.  169.  1.68416136E-07  1.68416136E-07 10 2
  370.  171.  1.63437804E-07  1.63437804E-07 10 2
  370.  173.  1.58677324E-07  1.58677324E-07 10 2
  370.  175.  1.54122077E-07  1.54122077E-07 10 2
  370.  177.  1.49760496E-07  1.49760496E-07 10 2
  370.  179.  1.45581666E-07  1.45581666E-07 10 2
  370.  181.  1.41575569E-07  1.41575569E-07 10 2
  370.  183.  1.37732769E-07  1.37732769E-07 10 2
  370.  185.  1.34044512E-07  1.34044512E-07 10 2
  370.  187.  1.30502613E-07  1.30502613E-07 10 2
  370.  189.  1.27099426E-07  1.27099426E-07 10 2
  370.  191.  1.23827789E-07  1.23827789E-07 10 2
  370.  193.  1.20681008E-07  1.20681008E-07 10 2
  370.  195.  1.17652782E-07  1.17652782E-07 10 2
  370.  197.  1.14737254E-07  1.14737254E-07 10 2
  370.  199.  1.1192887E-07  1.1192887E-07 10 2
  380.  1.  0.  0. 10 2
  380.  3.  0.  0. 10 2
  380.  5.  0.  0. 10 2
  380.  7.  0.  0. 10 2
  380.  9.  0.  0. 10 2
  380.  11.  7.91359053E-05  7.91359053E-05 10 2
  380.  13.  1.70464446E-05  1.70464446E-05 10 2
  380.  15.  2.54110055E-05  2.54110055E-05 10 2
  380.  17.  4.47353668E-05  4.47353668E-05 10 2
  380.  19.  4.10280991E-05  4.10280991E-05 10 2
  380.  21.  6.3075895E-05  6.3075895E-05 10 2
  380.  23.  8.70743388E-05  8.70743388E-05 10 2
  380.  25.  6.47168345E-05  6.47168345E-05 10 2
  380.  27.  4.15691975E-05  4.15691975E-05 10 2
  380.  29.  3.30944968E-05  3.30944968E-05 10 2
  380.  31.  3.2642376E-05  3.2642376E-05 10 2
  380.  33.  3.6377598E-05  3.6377598E-05 10 2
  380.  35.  4.12068002E-05  4.12068002E-05 10 2
  380.  37.  4.30455584E-05  4.30455584E-05 10 2
  380.  39.  3.9425744E-05  3.9425744E-05 10 2
  380.  41.  3.23697022E-05  3.23697022E-05 10 2
  380.  43.  2.52433438E-05  2.52433438E-05 10 2
  380.  45.  1.95928114E-05  1.95928114E-05 10 2
  380.  47.  1.54883965E-05  1.54883965E-05 10 2
  380.  49.  1.25205615E-05  1.25205615E-05 10 2
  380.  51.  1.02744498E-05  1.02744498E-05 10 2
  380.  53.  8.48573563E-06  8.48573563E-06 10 2
  380.  55.  7.03506248E-06  7.03506248E-06 10 2
  380.  57.  5.86744773E-06  5.86744773E-06 10 2
  380.  59.  4.93708239E-06  4.93708239E-06 10 2
  380.  61.  4.19742901E-06  4.19742901E-06 10 2
  380.  63.  3.60638364E-06  3.60638364E-06 10 2
  380.  65.  3.12966836E-06  3.12966836E-06 10 2
  380.  67.  2.74090712E-06  2.74090712E-06 10 2
  380.  69.  2.42028E-06  2.42028E-06 10 2
  380.  71.  2.15297359E-06  2.15297359E-06 10 2
  380.  73.  1.92786842E-06  1.92786842E-06 10 2
  380.  75.  1.73654666E-06  1.73654666E-06 10 2
  380.  77.  1.57256659E-06  1.57256659E-06 10 2
  380.  79.  1.43094269E-06  1.43094269E-06 10 2
  380.  81.  1.30777289E-06  1.30777289E-06 10 2
  380.  83.  1.1999706E-06  1.1999706E-06 10 2
  380.  85.  1.10506926E-06  1.10506926E-06 10 2
  380.  87.  1.0210789E-06  1.0210789E-06 10 2
  380.  89.  9.46380396E-07  9.46380396E-07 10 2
  380.  91.  8.79644574E-07  8.79644574E-07 10 2
  380.  93.  8.19772993E-07  8.19772993E-07 10 2
  380.  95.  7.65850643E-07  7.65850643E-07 10 2
  380.  97.  7.17110879E-07  7.17110879E-07 10 2
  380.  99.  6.72907049E-07  6.72907049E-07 10 2
  380.  101.  6.32690558E-07  6.32690558E-07 10 2
  380.  103.  5.95993697E-07  5.95993697E-07 10 2
  380.  105.  5.62415721E-07  5.62415721E-07 10 2
  380.  107.  5.31611306E-07  5.31611306E-07 10 2
  380.  109.  5.03282138E-07  5.03282138E-07 10 2
  380.  111.  4.77168726E-07  4.77168726E-07 10 2
  380.  113.  4.53045089E-07  4.53045089E-07 10 2
  380.  115.  4.30713328E-07  4.30713328E-07 10 2
  380.  117.  4.09999672E-07  4.09999672E-07 10 2
  380.  119.  3.90750841E-07  3.90750841E-07 10 2
  380.  121.  3.72831494E-07  3.72831494E-07 10 2
  380.  123.  3.56121632E-07  3.56121632E-07 10 2
  380.  125.  3.40514333E-07  3.40514333E-07 10 2
  380.  127.  3.25914499E-07  3.25914499E-07 10 2
  380.  129.  3.12236978E-07  3.12236978E-07 10 2
  380.  131.  2.99405428E-07  2.99405428E-07 10 2
  380.  133.  2.87351298E-07  2.87351298E-07 10 2
  380.  135.  2.76012912E-07  2.76012912E-07 10 2
  380.  137.  2.65334506E-07  2.65334506E-07 10 2
  380.  139.  2.55265746E-07  2.55265746E-07 10 2
  380.  141.  2.45760958E-07  2.45760958E-07 10 2
  380.  143.  2.36778675E-07  2.36778675E-07 10 2
  380.  145.  2.28281252E-07  2.28281252E-07 10 2
  380.  147.  2.20234298E-07  2.20234298E-07 10 2
  380.  149.  2.12606452E-07  2.12606452E-07 10 2
  380.  151.  2.05369062E-07  2.05369062E-07 10 2
  380.  153.  1.98495854E-07  1.98495854E-07 10 2
  380.  155.  1.91962755E-07  1.91962755E-07 10 2
  380.  157.  1.85747666E-07  1.85747666E-07 10 2
  380.  159.  1.79830209E-07  1.79830209E-07 10 2
  380.  161.  1.74191669E-07  1.74191669E-07 10 2
  380.  163.  1.68814736E-07  1.68814736E-07 10 2
  380.  165.  1.63683438E-07  1.63683438E-07 10 2
  380.  167.  1.58783038E-07  1.58783038E-07 10 2
  380.  169.  1.54099851E-07  1.54099851E-07 10 2
  380.  171.  1.49621215E-07  1.49621215E-07 10 2
  380.  173.  1.45335349E-07  1.45335349E-07 10 2
  380.  175.  1.41231325E-07  1.41231325E-07 10 2
  380.  177.  1.37299011E-07  1.37299011E-07 10 2
  380.  179.  1.33528957E-07  1.33528957E-07 10 2
  380.  181.  1.29912294E-07  1.29912294E-07 10 2
  380.  183.  1.26440838E-07  1.26440838E-07 10 2
  380.  185.  1.23106886E-07  1.23106886E-07 10 2
  380.  187.  1.19903277E-07  1.19903277E-07 10 2
  380.  189.  1.16823294E-07  1.16823294E-07 10 2
  380.  191.  1.13860651E-07  1.13860651E-07 10 2
  380.  193.  1.11009435E-07  1.11009435E-07 10 2
  380.  195.  1.08264125E-07  1.08264125E-07 10 2
  380.  197.  1.05619563E-07  1.05619563E-07 10 2
  380.  199.  1.03070846E-07  1.03070846E-07 10 2
  390.  1.  0.  0. 10 2
  390.  3.  0.  0. 10 2
  390.  5.  0.  0. 10 2
  390.  7.  0.  0. 10 2
  390.  9.  0.  0. 10 2
  390.  11.  0.000118021839  0.000118021839 10 2
  390.  13.  2.4165005E-05  2.4165005E-05 10 2
  390.  15.  3.84903251E-05  3.84903251E-05 10 2
  390.  17.  7.08836815E-05  7.08836815E-05 10 2
  390.  19.  5.93477162E-05  5.93477162E-05 10 2
  390.  21.  8.96766724E-05  8.96766724E-05 10 2
  390.  23.  0.000123694583  0.000123694583 10 2
  390.  25.  8.86955531E-05  8.86955531E-05 10 2
  390.  27.  5.19858004E-05  5.19858004E-05 10 2
  390.  29.  3.6221023E-05  3.6221023E-05 10 2
  390.  31.  3.12579468E-05  3.12579468E-05 10 2
  390.  33.  3.14930912E-05  3.14930912E-05 10 2
  390.  35.  3.35397308E-05  3.35397308E-05 10 2
  390.  37.  3.39347862E-05  3.39347862E-05 10 2
  390.  39.  3.06482652E-05  3.06482652E-05 10 2
  390.  41.  2.50316534E-05  2.50316534E-05 10 2
  390.  43.  1.94689874E-05  1.94689874E-05 10 2
  390.  45.  1.50503092E-05  1.50503092E-05 10 2
  390.  47.  1.18142852E-05  1.18142852E-05 10 2
  390.  49.  9.46843738E-06  9.46843738E-06 10 2
  390.  51.  7.72004569E-06  7.72004569E-06 10 2
  390.  53.  6.36952018E-06  6.36952018E-06 10 2
  390.  55.  5.30521265E-06  5.30521265E-06 10 2
  390.  57.  4.46222839E-06  4.46222839E-06 10 2
  390.  59.  3.79302992E-06  3.79302992E-06 10 2
  390.  61.  3.2587202E-06  3.2587202E-06 10 2
  390.  63.  2.82813585E-06  2.82813585E-06 10 2
  390.  65.  2.47728531E-06  2.47728531E-06 10 2
  390.  67.  2.1881217E-06  2.1881217E-06 10 2
  390.  69.  1.94716313E-06  1.94716313E-06 10 2
  390.  71.  1.7443075E-06  1.7443075E-06 10 2
  390.  73.  1.57191937E-06  1.57191937E-06 10 2
  390.  75.  1.42416764E-06  1.42416764E-06 10 2
  390.  77.  1.29654643E-06  1.29654643E-06 10 2
  390.  79.  1.1855343E-06  1.1855343E-06 10 2
  390.  81.  1.08834888E-06  1.08834888E-06 10 2
  390.  83.  1.00276873E-06  1.00276873E-06 10 2
  390.  85.  9.2700293E-07  9.2700293E-07 10 2
  390.  87.  8.59595048E-07  8.59595048E-07 10 2
  390.  89.  7.99350232E-07  7.99350232E-07 10 2
  390.  91.  7.45281227E-07  7.45281227E-07 10 2
  390.  93.  6.96565507E-07  6.96565507E-07 10 2
  390.  95.  6.52514359E-07  6.52514359E-07 10 2
  390.  97.  6.12546671E-07  6.12546671E-07 10 2
  390.  99.  5.76169612E-07  5.76169612E-07 10 2
  390.  101.  5.42962994E-07  5.42962994E-07 10 2
  390.  103.  5.12566544E-07  5.12566544E-07 10 2
  390.  105.  4.84669954E-07  4.84669954E-07 10 2
  390.  107.  4.59004951E-07  4.59004951E-07 10 2
  390.  109.  4.35338421E-07  4.35338421E-07 10 2
  390.  111.  4.13467006E-07  4.13467006E-07 10 2
  390.  113.  3.93212758E-07  3.93212758E-07 10 2
  390.  115.  3.74419301E-07  3.74419301E-07 10 2
  390.  117.  3.56948732E-07  3.56948732E-07 10 2
  390.  119.  3.40679236E-07  3.40679236E-07 10 2
  390.  121.  3.25502697E-07  3.25502697E-07 10 2
  390.  123.  3.11322907E-07  3.11322907E-07 10 2
  390.  125.  2.98054147E-07  2.98054147E-07 10 2
  390.  127.  2.85619649E-07  2.85619649E-07 10 2
  390.  129.  2.73950633E-07  2.73950633E-07 10 2
  390.  131.  2.62985338E-07  2.62985338E-07 10 2
  390.  133.  2.52668059E-07  2.52668059E-07 10 2
  390.  135.  2.42948545E-07  2.42948545E-07 10 2
  390.  137.  2.33781364E-07  2.33781364E-07 10 2
  390.  139.  2.25125277E-07  2.25125277E-07 10 2
  390.  141.  2.16942865E-07  2.16942865E-07 10 2
  390.  143.  2.09200081E-07  2.09200081E-07 10 2
  390.  145.  2.01865873E-07  2.01865873E-07 10 2
  390.  147.  1.94911948E-07  1.94911948E-07 10 2
  390.  149.  1.88312342E-07  1.88312342E-07 10 2
  390.  151.  1.82043365E-07  1.82043365E-07 10 2
  390.  153.  1.76083191E-07  1.76083191E-07 10 2
  390.  155.  1.70411838E-07  1.70411838E-07 10 2
  390.  157.  1.65010889E-07  1.65010889E-07 10 2
  390.  159.  1.59863362E-07  1.59863362E-07 10 2
  390.  161.  1.54953625E-07  1.54953625E-07 10 2
  390.  163.  1.50267212E-07  1.50267212E-07 10 2
  390.  165.  1.45790779E-07  1.45790779E-07 10 2
  390.  167.  1.4151189E-07  1.4151189E-07 10 2
  390.  169.  1.37419093E-07  1.37419093E-07 10 2
  390.  171.  1.33501743E-07  1.33501743E-07 10 2
  390.  173.  1.29749878E-07  1.29749878E-07 10 2
  390.  175.  1.26154347E-07  1.26154347E-07 10 2
  390.  177.  1.22706538E-07  1.22706538E-07 10 2
  390.  179.  1.1939845E-07  1.1939845E-07 10 2
  390.  181.  1.1622263E-07  1.1622263E-07 10 2
  390.  183.  1.13172085E-07  1.13172085E-07 10 2
  390.  185.  1.10240336E-07  1.10240336E-07 10 2
  390.  187.  1.07421258E-07  1.07421258E-07 10 2
  390.  189.  1.04709137E-07  1.04709137E-07 10 2
  390.  191.  1.02098639E-07  1.02098639E-07 10 2
  390.  193.  9.95847174E-08  9.95847174E-08 10 2
  390.  195.  9.71626832E-08  9.71626832E-08 10 2
  390.  197.  9.48280956E-08  9.48280956E-08 10 2
  390.  199.  9.25767907E-08  9.25767907E-08 10 2
  400.  1.  0.  0. 10 2
  400.  3.  0.  0. 10 2
  400.  5.  0.  0. 10 2
  400.  7.  0.  0. 10 2
  400.  9.  0.  0. 10 2
  400.  11.  0.000478879636  0.000478879636 10 2
  400.  13.  4.61082127E-05  4.61082127E-05 10 2
  400.  15.  4.93790358E-05  4.93790358E-05 10 2
  400.  17.  8.51815785E-05  8.51815785E-05 10 2
  400.  19.  6.76666386E-05  6.76666386E-05 10 2
  400.  21.  9.99084514E-05  9.99084514E-05 10 2
  400.  23.  0.000137035531  0.000137035531 10 2
  400.  25.  9.67576634E-05  9.67576634E-05 10 2
  400.  27.  5.43897731E-05  5.43897731E-05 10 2
  400.  29.  3.51941744E-05  3.51941744E-05 10 2
  400.  31.  2.76501323E-05  2.76501323E-05 10 2
  400.  33.  2.55008454E-05  2.55008454E-05 10 2
  400.  35.  2.5480882E-05  2.5480882E-05 10 2
  400.  37.  2.48660654E-05  2.48660654E-05 10 2
  400.  39.  2.21089576E-05  2.21089576E-05 10 2
  400.  41.  1.79864255E-05  1.79864255E-05 10 2
  400.  43.  1.40031261E-05  1.40031261E-05 10 2
  400.  45.  1.08406248E-05  1.08406248E-05 10 2
  400.  47.  8.50766173E-06  8.50766173E-06 10 2
  400.  49.  6.80821404E-06  6.80821404E-06 10 2
  400.  51.  5.55012775E-06  5.55012775E-06 10 2
  400.  53.  4.59556759E-06  4.59556759E-06 10 2
  400.  55.  3.85655767E-06  3.85655767E-06 10 2
  400.  57.  3.27638486E-06  3.27638486E-06 10 2
  400.  59.  2.81551002E-06  2.81551002E-06 10 2
  400.  61.  2.4449655E-06  2.4449655E-06 10 2
  400.  63.  2.14333068E-06  2.14333068E-06 10 2
  400.  65.  1.89479374E-06  1.89479374E-06 10 2
  400.  67.  1.68765644E-06  1.68765644E-06 10 2
  400.  69.  1.51320239E-06  1.51320239E-06 10 2
  400.  71.  1.36486767E-06  1.36486767E-06 10 2
  400.  73.  1.23764949E-06  1.23764949E-06 10 2
  400.  75.  1.12768726E-06  1.12768726E-06 10 2
  400.  77.  1.03196624E-06  1.03196624E-06 10 2
  400.  79.  9.48105253E-07  9.48105253E-07 10 2
  400.  81.  8.74203693E-07  8.74203693E-07 10 2
  400.  83.  8.08729055E-07  8.08729055E-07 10 2
  400.  85.  7.50434594E-07  7.50434594E-07 10 2
  400.  87.  6.9829764E-07  6.9829764E-07 10 2
  400.  89.  6.51472419E-07  6.51472419E-07 10 2
  400.  91.  6.09254755E-07  6.09254755E-07 10 2
  400.  93.  5.71053988E-07  5.71053988E-07 10 2
  400.  95.  5.36371942E-07  5.36371942E-07 10 2
  400.  97.  5.04785874E-07  5.04785874E-07 10 2
  400.  99.  4.75934996E-07  4.75934996E-07 10 2
  400.  101.  4.49509997E-07  4.49509997E-07 10 2
  400.  103.  4.25244394E-07  4.25244394E-07 10 2
  400.  105.  4.02907432E-07  4.02907432E-07 10 2
  400.  107.  3.82298651E-07  3.82298651E-07 10 2
  400.  109.  3.63243061E-07  3.63243061E-07 10 2
  400.  111.  3.45587495E-07  3.45587495E-07 10 2
  400.  113.  3.29197178E-07  3.29197178E-07 10 2
  400.  115.  3.13953308E-07  3.13953308E-07 10 2
  400.  117.  2.99750894E-07  2.99750894E-07 10 2
  400.  119.  2.86496601E-07  2.86496601E-07 10 2
  400.  121.  2.74107407E-07  2.74107407E-07 10 2
  400.  123.  2.62509275E-07  2.62509275E-07 10 2
  400.  125.  2.51635896E-07  2.51635896E-07 10 2
  400.  127.  2.41427898E-07  2.41427898E-07 10 2
  400.  129.  2.31831748E-07  2.31831748E-07 10 2
  400.  131.  2.22799329E-07  2.22799329E-07 10 2
  400.  133.  2.14287127E-07  2.14287127E-07 10 2
  400.  135.  2.06255763E-07  2.06255763E-07 10 2
  400.  137.  1.98669568E-07  1.98669568E-07 10 2
  400.  139.  1.91496113E-07  1.91496113E-07 10 2
  400.  141.  1.84705883E-07  1.84705883E-07 10 2
  400.  143.  1.7827189E-07  1.7827189E-07 10 2
  400.  145.  1.72169649E-07  1.72169649E-07 10 2
  400.  147.  1.6637658E-07  1.6637658E-07 10 2
  400.  149.  1.60872105E-07  1.60872105E-07 10 2
  400.  151.  1.55637309E-07  1.55637309E-07 10 2
  400.  153.  1.50654785E-07  1.50654785E-07 10 2
  400.  155.  1.45908544E-07  1.45908544E-07 10 2
  400.  157.  1.41383822E-07  1.41383822E-07 10 2
  400.  159.  1.37067019E-07  1.37067019E-07 10 2
  400.  161.  1.32945544E-07  1.32945544E-07 10 2
  400.  163.  1.29007745E-07  1.29007745E-07 10 2
  400.  165.  1.25242849E-07  1.25242849E-07 10 2
  400.  167.  1.21640838E-07  1.21640838E-07 10 2
  400.  169.  1.18192439E-07  1.18192439E-07 10 2
  400.  171.  1.14889033E-07  1.14889033E-07 10 2
  400.  173.  1.11722549E-07  1.11722549E-07 10 2
  400.  175.  1.08685519E-07  1.08685519E-07 10 2
  400.  177.  1.05770972E-07  1.05770972E-07 10 2
  400.  179.  1.02972386E-07  1.02972386E-07 10 2
  400.  181.  1.00283678E-07  1.00283678E-07 10 2
  400.  183.  9.76991572E-08  9.76991572E-08 10 2
  400.  185.  9.52135011E-08  9.52135011E-08 10 2
  400.  187.  9.28217148E-08  9.28217148E-08 10 2
  400.  189.  9.051913E-08  9.051913E-08 10 2
  400.  191.  8.83013485E-08  8.83013485E-08 10 2
  400.  193.  8.6164242E-08  8.6164242E-08 10 2
  400.  195.  8.41039594E-08  8.41039594E-08 10 2
  400.  197.  8.21168271E-08  8.21168271E-08 10 2
  400.  199.  8.01994418E-08  8.01994418E-08 10 2
  410.  1.  0.  0. 10 2
  410.  3.  0.  0. 10 2
  410.  5.  0.  0. 10 2
  410.  7.  0.  0. 10 2
  410.  9.  0.  0. 10 2
  410.  11.  0.000767843856  0.000767843856 10 2
  410.  13.  6.11655778E-05  6.11655778E-05 10 2
  410.  15.  5.24041643E-05  5.24041643E-05 10 2
  410.  17.  8.53320089E-05  8.53320089E-05 10 2
  410.  19.  6.54986579E-05  6.54986579E-05 10 2
  410.  21.  9.4843439E-05  9.4843439E-05 10 2
  410.  23.  0.000129387074  0.000129387074 10 2
  410.  25.  9.05837223E-05  9.05837223E-05 10 2
  410.  27.  4.97404908E-05  4.97404908E-05 10 2
  410.  29.  3.07274131E-05  3.07274131E-05 10 2
  410.  31.  2.25374461E-05  2.25374461E-05 10 2
  410.  33.  1.92475127E-05  1.92475127E-05 10 2
  410.  35.  1.80325314E-05  1.80325314E-05 10 2
  410.  37.  1.6903532E-05  1.6903532E-05 10 2
  410.  39.  1.47670462E-05  1.47670462E-05 10 2
  410.  41.  1.1980449E-05  1.1980449E-05 10 2
  410.  43.  9.37036111E-06  9.37036111E-06 10 2
  410.  45.  7.30442071E-06  7.30442071E-06 10 2
  410.  47.  5.77017863E-06  5.77017863E-06 10 2
  410.  49.  4.64422965E-06  4.64422965E-06 10 2
  410.  51.  3.80937013E-06  3.80937013E-06 10 2
  410.  53.  3.17896001E-06  3.17896001E-06 10 2
  410.  55.  2.69337488E-06  2.69337488E-06 10 2
  410.  57.  2.31215404E-06  2.31215404E-06 10 2
  410.  59.  2.00761201E-06  2.00761201E-06 10 2
  410.  61.  1.76049321E-06  1.76049321E-06 10 2
  410.  63.  1.55716054E-06  1.55716054E-06 10 2
  410.  65.  1.38777477E-06  1.38777477E-06 10 2
  410.  67.  1.24510916E-06  1.24510916E-06 10 2
  410.  69.  1.12376608E-06  1.12376608E-06 10 2
  410.  71.  1.01965031E-06  1.01965031E-06 10 2
  410.  73.  9.2961028E-07  9.2961028E-07 10 2
  410.  75.  8.51188133E-07  8.51188133E-07 10 2
  410.  77.  7.82443976E-07  7.82443976E-07 10 2
  410.  79.  7.21829565E-07  7.21829565E-07 10 2
  410.  81.  6.68096959E-07  6.68096959E-07 10 2
  410.  83.  6.20230708E-07  6.20230708E-07 10 2
  410.  85.  5.77397657E-07  5.77397657E-07 10 2
  410.  87.  5.38908466E-07  5.38908466E-07 10 2
  410.  89.  5.04189131E-07  5.04189131E-07 10 2
  410.  91.  4.72758018E-07  4.72758018E-07 10 2
  410.  93.  4.44208666E-07  4.44208666E-07 10 2
  410.  95.  4.18196066E-07  4.18196066E-07 10 2
  410.  97.  3.94425655E-07  3.94425655E-07 10 2
  410.  99.  3.72644763E-07  3.72644763E-07 10 2
  410.  101.  3.52635652E-07  3.52635652E-07 10 2
  410.  103.  3.34209659E-07  3.34209659E-07 10 2
  410.  105.  3.17202847E-07  3.17202847E-07 10 2
  410.  107.  3.01472085E-07  3.01472085E-07 10 2
  410.  109.  2.86891947E-07  2.86891947E-07 10 2
  410.  111.  2.73352043E-07  2.73352043E-07 10 2
  410.  113.  2.60755201E-07  2.60755201E-07 10 2
  410.  115.  2.49015216E-07  2.49015216E-07 10 2
  410.  117.  2.38055648E-07  2.38055648E-07 10 2
  410.  119.  2.27808442E-07  2.27808442E-07 10 2
  410.  121.  2.18212804E-07  2.18212804E-07 10 2
  410.  123.  2.09214363E-07  2.09214363E-07 10 2
  410.  125.  2.00764305E-07  2.00764305E-07 10 2
  410.  127.  1.92818732E-07  1.92818732E-07 10 2
  410.  129.  1.85338081E-07  1.85338081E-07 10 2
  410.  131.  1.78286584E-07  1.78286584E-07 10 2
  410.  133.  1.71631896E-07  1.71631896E-07 10 2
  410.  135.  1.65344687E-07  1.65344687E-07 10 2
  410.  137.  1.59398226E-07  1.59398226E-07 10 2
  410.  139.  1.53768255E-07  1.53768255E-07 10 2
  410.  141.  1.48432605E-07  1.48432605E-07 10 2
  410.  143.  1.43371068E-07  1.43371068E-07 10 2
  410.  145.  1.38565071E-07  1.38565071E-07 10 2
  410.  147.  1.33997631E-07  1.33997631E-07 10 2
  410.  149.  1.29653202E-07  1.29653202E-07 10 2
  410.  151.  1.25517417E-07  1.25517417E-07 10 2
  410.  153.  1.21577088E-07  1.21577088E-07 10 2
  410.  155.  1.17820051E-07  1.17820051E-07 10 2
  410.  157.  1.14235071E-07  1.14235071E-07 10 2
  410.  159.  1.10811783E-07  1.10811783E-07 10 2
  410.  161.  1.07540565E-07  1.07540565E-07 10 2
  410.  163.  1.04412514E-07  1.04412514E-07 10 2
  410.  165.  1.01419388E-07  1.01419388E-07 10 2
  410.  167.  9.85534996E-08  9.85534996E-08 10 2
  410.  169.  9.5807728E-08  9.5807728E-08 10 2
  410.  171.  9.317543E-08  9.317543E-08 10 2
  410.  173.  9.06504312E-08  9.06504312E-08 10 2
  410.  175.  8.82269475E-08  8.82269475E-08 10 2
  410.  177.  8.58996074E-08  8.58996074E-08 10 2
  410.  179.  8.36633802E-08  8.36633802E-08 10 2
  410.  181.  8.15135621E-08  8.15135621E-08 10 2
  410.  183.  7.94457335E-08  7.94457335E-08 10 2
  410.  185.  7.74557876E-08  7.74557876E-08 10 2
  410.  187.  7.55398304E-08  7.55398304E-08 10 2
  410.  189.  7.36942596E-08  7.36942596E-08 10 2
  410.  191.  7.19156432E-08  7.19156432E-08 10 2
  410.  193.  7.02007839E-08  7.02007839E-08 10 2
  410.  195.  6.85466546E-08  6.85466546E-08 10 2
  410.  197.  6.69504203E-08  6.69504203E-08 10 2
  410.  199.  6.54094023E-08  6.54094023E-08 10 2
  420.  1.  0.  0. 10 2
  420.  3.  0.  0. 10 2
  420.  5.  0.  0. 10 2
  420.  7.  0.  0. 10 2
  420.  9.  0.  0. 10 2
  420.  11.  0.000896093494  0.000896093494 10 2
  420.  13.  6.53944153E-05  6.53944153E-05 10 2
  420.  15.  4.84268166E-05  4.84268166E-05 10 2
  420.  17.  7.5048978E-05  7.5048978E-05 10 2
  420.  19.  5.60892258E-05  5.60892258E-05 10 2
  420.  21.  7.97913526E-05  7.97913526E-05 10 2
  420.  23.  0.000108280343  0.000108280343 10 2
  420.  25.  7.53965433E-05  7.53965433E-05 10 2
  420.  27.  4.07929438E-05  4.07929438E-05 10 2
  420.  29.  2.44113962E-05  2.44113962E-05 10 2
  420.  31.  1.69825489E-05  1.69825489E-05 10 2
  420.  33.  1.35476776E-05  1.35476776E-05 10 2
  420.  35.  1.18844982E-05  1.18844982E-05 10 2
  420.  37.  1.06448224E-05  1.06448224E-05 10 2
  420.  39.  9.1129059E-06  9.1129059E-06 10 2
  420.  41.  7.38481731E-06  7.38481731E-06 10 2
  420.  43.  5.83123301E-06  5.83123301E-06 10 2
  420.  45.  4.61006584E-06  4.61006584E-06 10 2
  420.  47.  3.69765166E-06  3.69765166E-06 10 2
  420.  49.  3.02034482E-06  3.02034482E-06 10 2
  420.  51.  2.51133588E-06  2.51133588E-06 10 2
  420.  53.  2.12161171E-06  2.12161171E-06 10 2
  420.  55.  1.8173472E-06  1.8173472E-06 10 2
  420.  57.  1.57542263E-06  1.57542263E-06 10 2
  420.  59.  1.37986501E-06  1.37986501E-06 10 2
  420.  61.  1.219448E-06  1.219448E-06 10 2
  420.  63.  1.0861329E-06  1.0861329E-06 10 2
  420.  65.  9.74056661E-07  9.74056661E-07 10 2
  420.  67.  8.78867979E-07  8.78867979E-07 10 2
  420.  69.  7.97283633E-07  7.97283633E-07 10 2
  420.  71.  7.26788073E-07  7.26788073E-07 10 2
  420.  73.  6.65427876E-07  6.65427876E-07 10 2
  420.  75.  6.11665826E-07  6.11665826E-07 10 2
  420.  77.  5.6427865E-07  5.6427865E-07 10 2
  420.  79.  5.22282562E-07  5.22282562E-07 10 2
  420.  81.  4.84878512E-07  4.84878512E-07 10 2
  420.  83.  4.51411751E-07  4.51411751E-07 10 2
  420.  85.  4.21341582E-07  4.21341582E-07 10 2
  420.  87.  3.94217921E-07  3.94217921E-07 10 2
  420.  89.  3.6966361E-07  3.6966361E-07 10 2
  420.  91.  3.47360526E-07  3.47360526E-07 10 2
  420.  93.  3.27038833E-07  3.27038833E-07 10 2
  420.  95.  3.08468231E-07  3.08468231E-07 10 2
  420.  97.  2.91451272E-07  2.91451272E-07 10 2
  420.  99.  2.75817797E-07  2.75817797E-07 10 2
  420.  101.  2.61420524E-07  2.61420524E-07 10 2
  420.  103.  2.48131357E-07  2.48131357E-07 10 2
  420.  105.  2.35838598E-07  2.35838598E-07 10 2
  420.  107.  2.24444264E-07  2.24444264E-07 10 2
  420.  109.  2.13862265E-07  2.13862265E-07 10 2
  420.  111.  2.04016672E-07  2.04016672E-07 10 2
  420.  113.  1.9484024E-07  1.9484024E-07 10 2
  420.  115.  1.86273283E-07  1.86273283E-07 10 2
  420.  117.  1.78262667E-07  1.78262667E-07 10 2
  420.  119.  1.70760984E-07  1.70760984E-07 10 2
  420.  121.  1.63725744E-07  1.63725744E-07 10 2
  420.  123.  1.57118905E-07  1.57118905E-07 10 2
  420.  125.  1.50906132E-07  1.50906132E-07 10 2
  420.  127.  1.45056575E-07  1.45056575E-07 10 2
  420.  129.  1.39542323E-07  1.39542323E-07 10 2
  420.  131.  1.34338109E-07  1.34338109E-07 10 2
  420.  133.  1.29421011E-07  1.29421011E-07 10 2
  420.  135.  1.24770196E-07  1.24770196E-07 10 2
  420.  137.  1.20366707E-07  1.20366707E-07 10 2
  420.  139.  1.16193249E-07  1.16193249E-07 10 2
  420.  141.  1.12233984E-07  1.12233984E-07 10 2
  420.  143.  1.08474481E-07  1.08474481E-07 10 2
  420.  145.  1.04901439E-07  1.04901439E-07 10 2
  420.  147.  1.01502714E-07  1.01502714E-07 10 2
  420.  149.  9.8267094E-08  9.8267094E-08 10 2
  420.  151.  9.51842765E-08  9.51842765E-08 10 2
  420.  153.  9.22447541E-08  9.22447541E-08 10 2
  420.  155.  8.94397658E-08  8.94397658E-08 10 2
  420.  157.  8.6761176E-08  8.6761176E-08 10 2
  420.  159.  8.42015098E-08  8.42015098E-08 10 2
  420.  161.  8.17537824E-08  8.17537824E-08 10 2
  420.  163.  7.94115778E-08  7.94115778E-08 10 2
  420.  165.  7.71688562E-08  7.71688562E-08 10 2
  420.  167.  7.50200755E-08  7.50200755E-08 10 2
  420.  169.  7.29600487E-08  7.29600487E-08 10 2
  420.  171.  7.09839298E-08  7.09839298E-08 10 2
  420.  173.  6.90872142E-08  6.90872142E-08 10 2
  420.  175.  6.72657023E-08  6.72657023E-08 10 2
  420.  177.  6.55154579E-08  6.55154579E-08 10 2
  420.  179.  6.38327933E-08  6.38327933E-08 10 2
  420.  181.  6.22142764E-08  6.22142764E-08 10 2
  420.  183.  6.06566815E-08  6.06566815E-08 10 2
  420.  185.  5.91569744E-08  5.91569744E-08 10 2
  420.  187.  5.77123203E-08  5.77123203E-08 10 2
  420.  189.  5.63200544E-08  5.63200544E-08 10 2
  420.  191.  5.49776651E-08  5.49776651E-08 10 2
  420.  193.  5.36827933E-08  5.36827933E-08 10 2
  420.  195.  5.24332222E-08  5.24332222E-08 10 2
  420.  197.  5.12268556E-08  5.12268556E-08 10 2
  420.  199.  5.00617219E-08  5.00617219E-08 10 2
  430.  1.  0.  0. 10 2
  430.  3.  0.  0. 10 2
  430.  5.  0.  0. 10 2
  430.  7.  0.  0. 10 2
  430.  9.  0.  0. 10 2
  430.  11.  0.000870159594  0.000870159594 10 2
  430.  13.  6.02521395E-05  6.02521395E-05 10 2
  430.  15.  4.00472272E-05  4.00472272E-05 10 2
  430.  17.  5.93613877E-05  5.93613877E-05 10 2
  430.  19.  4.33152891E-05  4.33152891E-05 10 2
  430.  21.  6.05333698E-05  6.05333698E-05 10 2
  430.  23.  8.16944812E-05  8.16944812E-05 10 2
  430.  25.  5.66710951E-05  5.66710951E-05 10 2
  430.  27.  3.03613469E-05  3.03613469E-05 10 2
  430.  29.  1.77594429E-05  1.77594429E-05 10 2
  430.  31.  1.18499629E-05  1.18499629E-05 10 2
  430.  33.  8.8954821E-06  8.8954821E-06 10 2
  430.  35.  7.29668727E-06  7.29668727E-06 10 2
  430.  37.  6.20557194E-06  6.20557194E-06 10 2
  430.  39.  5.18867364E-06  5.18867364E-06 10 2
  430.  41.  4.21065624E-06  4.21065624E-06 10 2
  430.  43.  3.38029599E-06  3.38029599E-06 10 2
  430.  45.  2.73658156E-06  2.73658156E-06 10 2
  430.  47.  2.25315421E-06  2.25315421E-06 10 2
  430.  49.  1.88757849E-06  1.88757849E-06 10 2
  430.  51.  1.603648E-06  1.603648E-06 10 2
  430.  53.  1.37687141E-06  1.37687141E-06 10 2
  430.  55.  1.1927001E-06  1.1927001E-06 10 2
  430.  57.  1.04201217E-06  1.04201217E-06 10 2
  430.  59.  9.17996147E-07  9.17996147E-07 10 2
  430.  61.  8.15145199E-07  8.15145199E-07 10 2
  430.  63.  7.29057547E-07  7.29057547E-07 10 2
  430.  65.  6.56301552E-07  6.56301552E-07 10 2
  430.  67.  5.9423553E-07  5.9423553E-07 10 2
  430.  69.  5.40827727E-07  5.40827727E-07 10 2
  430.  71.  4.94506139E-07  4.94506139E-07 10 2
  430.  73.  4.54042521E-07  4.54042521E-07 10 2
  430.  75.  4.18467351E-07  4.18467351E-07 10 2
  430.  77.  3.87006907E-07  3.87006907E-07 10 2
  430.  79.  3.59037273E-07  3.59037273E-07 10 2
  430.  81.  3.34050441E-07  3.34050441E-07 10 2
  430.  83.  3.11629321E-07  3.11629321E-07 10 2
  430.  85.  2.91428336E-07  2.91428336E-07 10 2
  430.  87.  2.73159117E-07  2.73159117E-07 10 2
  430.  89.  2.56579369E-07  2.56579369E-07 10 2
  430.  91.  2.41484145E-07  2.41484145E-07 10 2
  430.  93.  2.27699076E-07  2.27699076E-07 10 2
  430.  95.  2.15074991E-07  2.15074991E-07 10 2
  430.  97.  2.03483609E-07  2.03483609E-07 10 2
  430.  99.  1.9281407E-07  1.9281407E-07 10 2
  430.  101.  1.82970183E-07  1.82970183E-07 10 2
  430.  103.  1.73868088E-07  1.73868088E-07 10 2
  430.  105.  1.65434415E-07  1.65434415E-07 10 2
  430.  107.  1.57604717E-07  1.57604717E-07 10 2
  430.  109.  1.50322251E-07  1.50322251E-07 10 2
  430.  111.  1.43536752E-07  1.43536752E-07 10 2
  430.  113.  1.37203699E-07  1.37203699E-07 10 2
  430.  115.  1.31283457E-07  1.31283457E-07 10 2
  430.  117.  1.25740684E-07  1.25740684E-07 10 2
  430.  119.  1.2054376E-07  1.2054376E-07 10 2
  430.  121.  1.15664321E-07  1.15664321E-07 10 2
  430.  123.  1.11076886E-07  1.11076886E-07 10 2
  430.  125.  1.06758471E-07  1.06758471E-07 10 2
  430.  127.  1.02688347E-07  1.02688347E-07 10 2
  430.  129.  9.88477353E-08  9.88477353E-08 10 2
  430.  131.  9.52196118E-08  9.52196118E-08 10 2
  430.  133.  9.17885359E-08  9.17885359E-08 10 2
  430.  135.  8.85403963E-08  8.85403963E-08 10 2
  430.  137.  8.54623963E-08  8.54623963E-08 10 2
  430.  139.  8.25427762E-08  8.25427762E-08 10 2
  430.  141.  7.97708211E-08  7.97708211E-08 10 2
  430.  143.  7.71367041E-08  7.71367041E-08 10 2
  430.  145.  7.46314015E-08  7.46314015E-08 10 2
  430.  147.  7.22466282E-08  7.22466282E-08 10 2
  430.  149.  6.99747247E-08  6.99747247E-08 10 2
  430.  151.  6.78086778E-08  6.78086778E-08 10 2
  430.  153.  6.5741979E-08  6.5741979E-08 10 2
  430.  155.  6.37686242E-08  6.37686242E-08 10 2
  430.  157.  6.1883064E-08  6.1883064E-08 10 2
  430.  159.  6.00801613E-08  6.00801613E-08 10 2
  430.  161.  5.83551198E-08  5.83551198E-08 10 2
  430.  163.  5.67035165E-08  5.67035165E-08 10 2
  430.  165.  5.51212374E-08  5.51212374E-08 10 2
  430.  167.  5.36044347E-08  5.36044347E-08 10 2
  430.  169.  5.21495487E-08  5.21495487E-08 10 2
  430.  171.  5.07532398E-08  5.07532398E-08 10 2
  430.  173.  4.94123888E-08  4.94123888E-08 10 2
  430.  175.  4.81241074E-08  4.81241074E-08 10 2
  430.  177.  4.68856634E-08  4.68856634E-08 10 2
  430.  179.  4.56945202E-08  4.56945202E-08 10 2
  430.  181.  4.45482975E-08  4.45482975E-08 10 2
  430.  183.  4.344475E-08  4.344475E-08 10 2
  430.  185.  4.23817852E-08  4.23817852E-08 10 2
  430.  187.  4.13574384E-08  4.13574384E-08 10 2
  430.  189.  4.03698479E-08  4.03698479E-08 10 2
  430.  191.  3.94172837E-08  3.94172837E-08 10 2
  430.  193.  3.84980972E-08  3.84980972E-08 10 2
  430.  195.  3.76107501E-08  3.76107501E-08 10 2
  430.  197.  3.67537822E-08  3.67537822E-08 10 2
  430.  199.  3.59258223E-08  3.59258223E-08 10 2
  440.  1.  0.  0. 10 2
  440.  3.  0.  0. 10 2
  440.  5.  0.  0. 10 2
  440.  7.  0.  0. 10 2
  440.  9.  0.  0. 10 2
  440.  11.  0.000739072624  0.000739072624 10 2
  440.  13.  4.93233529E-05  4.93233529E-05 10 2
  440.  15.  3.00055308E-05  3.00055308E-05 10 2
  440.  17.  4.26226143E-05  4.26226143E-05 10 2
  440.  19.  3.03609977E-05  3.03609977E-05 10 2
  440.  21.  4.16082949E-05  4.16082949E-05 10 2
  440.  23.  5.5803117E-05  5.5803117E-05 10 2
  440.  25.  3.86098582E-05  3.86098582E-05 10 2
  440.  27.  2.05592187E-05  2.05592187E-05 10 2
  440.  29.  1.18392099E-05  1.18392099E-05 10 2
  440.  31.  7.65467303E-06  7.65467303E-06 10 2
  440.  33.  5.45869671E-06  5.45869671E-06 10 2
  440.  35.  4.19833759E-06  4.19833759E-06 10 2
  440.  37.  3.37804045E-06  3.37804045E-06 10 2
  440.  39.  2.75440266E-06  2.75440266E-06 10 2
  440.  41.  2.25063036E-06  2.25063036E-06 10 2
  440.  43.  1.85723491E-06  1.85723491E-06 10 2
  440.  45.  1.56110775E-06  1.56110775E-06 10 2
  440.  47.  1.33864728E-06  1.33864728E-06 10 2
  440.  49.  1.16472165E-06  1.16472165E-06 10 2
  440.  51.  1.01916453E-06  1.01916453E-06 10 2
  440.  53.  8.91359662E-07  8.91359662E-07 10 2
  440.  55.  7.79122729E-07  7.79122729E-07 10 2
  440.  57.  6.82860787E-07  6.82860787E-07 10 2
  440.  59.  6.01874831E-07  6.01874831E-07 10 2
  440.  61.  5.34213029E-07  5.34213029E-07 10 2
  440.  63.  4.77555659E-07  4.77555659E-07 10 2
  440.  65.  4.29780357E-07  4.29780357E-07 10 2
  440.  67.  3.8914169E-07  3.8914169E-07 10 2
  440.  69.  3.54263818E-07  3.54263818E-07 10 2
  440.  71.  3.24076268E-07  3.24076268E-07 10 2
  440.  73.  2.97745629E-07  2.97745629E-07 10 2
  440.  75.  2.74618174E-07  2.74618174E-07 10 2
  440.  77.  2.54176229E-07  2.54176229E-07 10 2
  440.  79.  2.36005448E-07  2.36005448E-07 10 2
  440.  81.  2.19770683E-07  2.19770683E-07 10 2
  440.  83.  2.05198191E-07  2.05198191E-07 10 2
  440.  85.  1.92062345E-07  1.92062345E-07 10 2
  440.  87.  1.80175576E-07  1.80175576E-07 10 2
  440.  89.  1.69380655E-07  1.69380655E-07 10 2
  440.  91.  1.59545039E-07  1.59545039E-07 10 2
  440.  93.  1.50556076E-07  1.50556076E-07 10 2
  440.  95.  1.42317532E-07  1.42317532E-07 10 2
  440.  97.  1.34746742E-07  1.34746742E-07 10 2
  440.  99.  1.27772338E-07  1.27772338E-07 10 2
  440.  101.  1.21332363E-07  1.21332363E-07 10 2
  440.  103.  1.15372842E-07  1.15372842E-07 10 2
  440.  105.  1.09846546E-07  1.09846546E-07 10 2
  440.  107.  1.04711994E-07  1.04711994E-07 10 2
  440.  109.  9.99326062E-08  9.99326062E-08 10 2
  440.  111.  9.54760253E-08  9.54760253E-08 10 2
  440.  113.  9.13135452E-08  9.13135452E-08 10 2
  440.  115.  8.74196004E-08  8.74196004E-08 10 2
  440.  117.  8.3771404E-08  8.3771404E-08 10 2
  440.  119.  8.03485207E-08  8.03485207E-08 10 2
  440.  121.  7.71326256E-08  7.71326256E-08 10 2
  440.  123.  7.41072483E-08  7.41072483E-08 10 2
  440.  125.  7.12575172E-08  7.12575172E-08 10 2
  440.  127.  6.85700172E-08  6.85700172E-08 10 2
  440.  129.  6.60325767E-08  6.60325767E-08 10 2
  440.  131.  6.36341753E-08  6.36341753E-08 10 2
  440.  133.  6.13647657E-08  6.13647657E-08 10 2
  440.  135.  5.92152212E-08  5.92152212E-08 10 2
  440.  137.  5.71771999E-08  5.71771999E-08 10 2
  440.  139.  5.52430777E-08  5.52430777E-08 10 2
  440.  141.  5.34058771E-08  5.34058771E-08 10 2
  440.  143.  5.16592067E-08  5.16592067E-08 10 2
  440.  145.  4.99971762E-08  4.99971762E-08 10 2
  440.  147.  4.84143925E-08  4.84143925E-08 10 2
  440.  149.  4.69058712E-08  4.69058712E-08 10 2
  440.  151.  4.54670221E-08  4.54670221E-08 10 2
  440.  153.  4.4093607E-08  4.4093607E-08 10 2
  440.  155.  4.27816929E-08  4.27816929E-08 10 2
  440.  157.  4.15276595E-08  4.15276595E-08 10 2
  440.  159.  4.03281319E-08  4.03281319E-08 10 2
  440.  161.  3.91799944E-08  3.91799944E-08 10 2
  440.  163.  3.80803407E-08  3.80803407E-08 10 2
  440.  165.  3.70264708E-08  3.70264708E-08 10 2
  440.  167.  3.60158694E-08  3.60158694E-08 10 2
  440.  169.  3.50461917E-08  3.50461917E-08 10 2
  440.  171.  3.41152528E-08  3.41152528E-08 10 2
  440.  173.  3.32210135E-08  3.32210135E-08 10 2
  440.  175.  3.23615623E-08  3.23615623E-08 10 2
  440.  177.  3.15351159E-08  3.15351159E-08 10 2
  440.  179.  3.07399972E-08  3.07399972E-08 10 2
  440.  181.  2.99746432E-08  2.99746432E-08 10 2
  440.  183.  2.92375795E-08  2.92375795E-08 10 2
  440.  185.  2.85274293E-08  2.85274293E-08 10 2
  440.  187.  2.7842896E-08  2.7842896E-08 10 2
  440.  189.  2.71827556E-08  2.71827556E-08 10 2
  440.  191.  2.65458624E-08  2.65458624E-08 10 2
  440.  193.  2.59311346E-08  2.59311346E-08 10 2
  440.  195.  2.53375543E-08  2.53375543E-08 10 2
  440.  197.  2.47641587E-08  2.47641587E-08 10 2
  440.  199.  2.42100455E-08  2.42100455E-08 10 2
  450.  1.  0.  0. 10 2
  450.  3.  0.  0. 10 2
  450.  5.  0.  0. 10 2
  450.  7.  0.  0. 10 2
  450.  9.  0.  0. 10 2
  450.  11.  0.000559813052  0.000559813052 10 2
  450.  13.  3.62955798E-05  3.62955798E-05 10 2
  450.  15.  2.0404008E-05  2.0404008E-05 10 2
  450.  17.  2.77455583E-05  2.77455583E-05 10 2
  450.  19.  1.92464031E-05  1.92464031E-05 10 2
  450.  21.  2.57655174E-05  2.57655174E-05 10 2
  450.  23.  3.42888125E-05  3.42888125E-05 10 2
  450.  25.  2.36907326E-05  2.36907326E-05 10 2
  450.  27.  1.25904462E-05  1.25904462E-05 10 2
  450.  29.  7.19747231E-06  7.19747231E-06 10 2
  450.  31.  4.57215947E-06  4.57215947E-06 10 2
  450.  33.  3.15613602E-06  3.15613602E-06 10 2
  450.  35.  2.31891408E-06  2.31891408E-06 10 2
  450.  37.  1.78824098E-06  1.78824098E-06 10 2
  450.  39.  1.43482509E-06  1.43482509E-06 10 2
  450.  41.  1.19190997E-06  1.19190997E-06 10 2
  450.  43.  1.02216859E-06  1.02216859E-06 10 2
  450.  45.  9.02139107E-07  9.02139107E-07 10 2
  450.  47.  8.13698875E-07  8.13698875E-07 10 2
  450.  49.  7.40105634E-07  7.40105634E-07 10 2
  450.  51.  6.68135442E-07  6.68135442E-07 10 2
  450.  53.  5.93551704E-07  5.93551704E-07 10 2
  450.  55.  5.2045317E-07  5.2045317E-07 10 2
  450.  57.  4.54308235E-07  4.54308235E-07 10 2
  450.  59.  3.97646573E-07  3.97646573E-07 10 2
  450.  61.  3.50329486E-07  3.50329486E-07 10 2
  450.  63.  3.11052844E-07  3.11052844E-07 10 2
  450.  65.  2.78314928E-07  2.78314928E-07 10 2
  450.  67.  2.5079342E-07  2.5079342E-07 10 2
  450.  69.  2.27427876E-07  2.27427876E-07 10 2
  450.  71.  2.07395743E-07  2.07395743E-07 10 2
  450.  73.  1.90064384E-07  1.90064384E-07 10 2
  450.  75.  1.74945455E-07  1.74945455E-07 10 2
  450.  77.  1.61658718E-07  1.61658718E-07 10 2
  450.  79.  1.49904793E-07  1.49904793E-07 10 2
  450.  81.  1.39445305E-07  1.39445305E-07 10 2
  450.  83.  1.30088281E-07  1.30088281E-07 10 2
  450.  85.  1.21677431E-07  1.21677431E-07 10 2
  450.  87.  1.14084287E-07  1.14084287E-07 10 2
  450.  89.  1.07202325E-07  1.07202325E-07 10 2
  450.  91.  1.00942387E-07  1.00942387E-07 10 2
  450.  93.  9.52293675E-08  9.52293675E-08 10 2
  450.  95.  8.99995243E-08  8.99995243E-08 10 2
  450.  97.  8.51984083E-08  8.51984083E-08 10 2
  450.  99.  8.07792446E-08  8.07792446E-08 10 2
  450.  101.  7.6701653E-08  7.6701653E-08 10 2
  450.  103.  7.29305611E-08  7.29305611E-08 10 2
  450.  105.  6.94353943E-08  6.94353943E-08 10 2
  450.  107.  6.61893864E-08  6.61893864E-08 10 2
  450.  109.  6.31689971E-08  6.31689971E-08 10 2
  450.  111.  6.03534644E-08  6.03534644E-08 10 2
  450.  113.  5.77243853E-08  5.77243853E-08 10 2
  450.  115.  5.52654313E-08  5.52654313E-08 10 2
  450.  117.  5.29620401E-08  5.29620401E-08 10 2
  450.  119.  5.08011944E-08  5.08011944E-08 10 2
  450.  121.  4.87712342E-08  4.87712342E-08 10 2
  450.  123.  4.68616896E-08  4.68616896E-08 10 2
  450.  125.  4.50631177E-08  4.50631177E-08 10 2
  450.  127.  4.33669953E-08  4.33669953E-08 10 2
  450.  129.  4.17656203E-08  4.17656203E-08 10 2
  450.  131.  4.02519973E-08  4.02519973E-08 10 2
  450.  133.  3.88197812E-08  3.88197812E-08 10 2
  450.  135.  3.74631917E-08  3.74631917E-08 10 2
  450.  137.  3.61769494E-08  3.61769494E-08 10 2
  450.  139.  3.49562441E-08  3.49562441E-08 10 2
  450.  141.  3.37966668E-08  3.37966668E-08 10 2
  450.  143.  3.26941745E-08  3.26941745E-08 10 2
  450.  145.  3.16450546E-08  3.16450546E-08 10 2
  450.  147.  3.06459E-08  3.06459E-08 10 2
  450.  149.  2.96935703E-08  2.96935703E-08 10 2
  450.  151.  2.87851645E-08  2.87851645E-08 10 2
  450.  153.  2.79180128E-08  2.79180128E-08 10 2
  450.  155.  2.70896372E-08  2.70896372E-08 10 2
  450.  157.  2.62977498E-08  2.62977498E-08 10 2
  450.  159.  2.55402313E-08  2.55402313E-08 10 2
  450.  161.  2.48151082E-08  2.48151082E-08 10 2
  450.  163.  2.41205509E-08  2.41205509E-08 10 2
  450.  165.  2.34548647E-08  2.34548647E-08 10 2
  450.  167.  2.28164581E-08  2.28164581E-08 10 2
  450.  169.  2.22038583E-08  2.22038583E-08 10 2
  450.  171.  2.16156852E-08  2.16156852E-08 10 2
  450.  173.  2.10506546E-08  2.10506546E-08 10 2
  450.  175.  2.05075636E-08  2.05075636E-08 10 2
  450.  177.  1.99852863E-08  1.99852863E-08 10 2
  450.  179.  1.94827674E-08  1.94827674E-08 10 2
  450.  181.  1.89990228E-08  1.89990228E-08 10 2
  450.  183.  1.85331235E-08  1.85331235E-08 10 2
  450.  185.  1.80842008E-08  1.80842008E-08 10 2
  450.  187.  1.76514376E-08  1.76514376E-08 10 2
  450.  189.  1.72340648E-08  1.72340648E-08 10 2
  450.  191.  1.68313576E-08  1.68313576E-08 10 2
  450.  193.  1.64426393E-08  1.64426393E-08 10 2
  450.  195.  1.60672631E-08  1.60672631E-08 10 2
  450.  197.  1.57046287E-08  1.57046287E-08 10 2
  450.  199.  1.53541588E-08  1.53541588E-08 10 2
  460.  1.  0.  0. 10 2
  460.  3.  0.  0. 10 2
  460.  5.  0.  0. 10 2
  460.  7.  0.  0. 10 2
  460.  9.  0.  0. 10 2
  460.  11.  0.000378980825  0.000378980825 10 2
  460.  13.  2.39706042E-05  2.39706042E-05 10 2
  460.  15.  1.24859816E-05  1.24859816E-05 10 2
  460.  17.  1.61750886E-05  1.61750886E-05 10 2
  460.  19.  1.0870348E-05  1.0870348E-05 10 2
  460.  21.  1.41102182E-05  1.41102182E-05 10 2
  460.  23.  1.8579427E-05  1.8579427E-05 10 2
  460.  25.  1.28435267E-05  1.28435267E-05 10 2
  460.  27.  6.8600466E-06  6.8600466E-06 10 2
  460.  29.  3.9488973E-06  3.9488973E-06 10 2
  460.  31.  2.52904169E-06  2.52904169E-06 10 2
  460.  33.  1.76250489E-06  1.76250489E-06 10 2
  460.  35.  1.31003264E-06  1.31003264E-06 10 2
  460.  37.  1.0251016E-06  1.0251016E-06 10 2
  460.  39.  8.38243807E-07  8.38243807E-07 10 2
  460.  41.  7.13741656E-07  7.13741656E-07 10 2
  460.  43.  6.31554371E-07  6.31554371E-07 10 2
  460.  45.  5.7834518E-07  5.7834518E-07 10 2
  460.  47.  5.42003761E-07  5.42003761E-07 10 2
  460.  49.  5.09274059E-07  5.09274059E-07 10 2
  460.  51.  4.69108244E-07  4.69108244E-07 10 2
  460.  53.  4.19181475E-07  4.19181475E-07 10 2
  460.  55.  3.65537744E-07  3.65537744E-07 10 2
  460.  57.  3.15263321E-07  3.15263321E-07 10 2
  460.  59.  2.71959777E-07  2.71959777E-07 10 2
  460.  61.  2.36125857E-07  2.36125857E-07 10 2
  460.  63.  2.06845897E-07  2.06845897E-07 10 2
  460.  65.  1.82878594E-07  1.82878594E-07 10 2
  460.  67.  1.63094555E-07  1.63094555E-07 10 2
  460.  69.  1.46585563E-07  1.46585563E-07 10 2
  460.  71.  1.32653668E-07  1.32653668E-07 10 2
  460.  73.  1.20769997E-07  1.20769997E-07 10 2
  460.  75.  1.10533371E-07  1.10533371E-07 10 2
  460.  77.  1.01637205E-07  1.01637205E-07 10 2
  460.  79.  9.38445979E-08  9.38445979E-08 10 2
  460.  81.  8.69703243E-08  8.69703243E-08 10 2
  460.  83.  8.08678138E-08  8.08678138E-08 10 2
  460.  85.  7.54197131E-08  7.54197131E-08 10 2
  460.  87.  7.05310441E-08  7.05310441E-08 10 2
  460.  89.  6.61241444E-08  6.61241444E-08 10 2
  460.  91.  6.21348946E-08  6.21348946E-08 10 2
  460.  93.  5.850994E-08  5.850994E-08 10 2
  460.  95.  5.52044881E-08  5.52044881E-08 10 2
  460.  97.  5.21806705E-08  5.21806705E-08 10 2
  460.  99.  4.94062675E-08  4.94062675E-08 10 2
  460.  101.  4.68537067E-08  4.68537067E-08 10 2
  460.  103.  4.44992274E-08  4.44992274E-08 10 2
  460.  105.  4.23222666E-08  4.23222666E-08 10 2
  460.  107.  4.03049398E-08  4.03049398E-08 10 2
  460.  109.  3.84316223E-08  3.84316223E-08 10 2
  460.  111.  3.66886006E-08  3.66886006E-08 10 2
  460.  113.  3.5063799E-08  3.5063799E-08 10 2
  460.  115.  3.3546538E-08  3.3546538E-08 10 2
  460.  117.  3.21273461E-08  3.21273461E-08 10 2
  460.  119.  3.07977928E-08  3.07977928E-08 10 2
  460.  121.  2.95503497E-08  2.95503497E-08 10 2
  460.  123.  2.83782811E-08  2.83782811E-08 10 2
  460.  125.  2.727554E-08  2.727554E-08 10 2
  460.  127.  2.62366822E-08  2.62366822E-08 10 2
  460.  129.  2.5256794E-08  2.5256794E-08 10 2
  460.  131.  2.43314382E-08  2.43314382E-08 10 2
  460.  133.  2.34565896E-08  2.34565896E-08 10 2
  460.  135.  2.26285941E-08  2.26285941E-08 10 2
  460.  137.  2.1844123E-08  2.1844123E-08 10 2
  460.  139.  2.11001439E-08  2.11001439E-08 10 2
  460.  141.  2.0393891E-08  2.0393891E-08 10 2
  460.  143.  1.97228278E-08  1.97228278E-08 10 2
  460.  145.  1.90846325E-08  1.90846325E-08 10 2
  460.  147.  1.84771753E-08  1.84771753E-08 10 2
  460.  149.  1.78984916E-08  1.78984916E-08 10 2
  460.  151.  1.73467818E-08  1.73467818E-08 10 2
  460.  153.  1.68203762E-08  1.68203762E-08 10 2
  460.  155.  1.63177418E-08  1.63177418E-08 10 2
  460.  157.  1.58374576E-08  1.58374576E-08 10 2
  460.  159.  1.53782072E-08  1.53782072E-08 10 2
  460.  161.  1.49387702E-08  1.49387702E-08 10 2
  460.  163.  1.45180179E-08  1.45180179E-08 10 2
  460.  165.  1.41148986E-08  1.41148986E-08 10 2
  460.  167.  1.37284317E-08  1.37284317E-08 10 2
  460.  169.  1.33577096E-08  1.33577096E-08 10 2
  460.  171.  1.3001884E-08  1.3001884E-08 10 2
  460.  173.  1.26601609E-08  1.26601609E-08 10 2
  460.  175.  1.23318014E-08  1.23318014E-08 10 2
  460.  177.  1.20161125E-08  1.20161125E-08 10 2
  460.  179.  1.17124497E-08  1.17124497E-08 10 2
  460.  181.  1.14202052E-08  1.14202052E-08 10 2
  460.  183.  1.11388117E-08  1.11388117E-08 10 2
  460.  185.  1.08677352E-08  1.08677352E-08 10 2
  460.  187.  1.06064766E-08  1.06064766E-08 10 2
  460.  189.  1.03545634E-08  1.03545634E-08 10 2
  460.  191.  1.01115551E-08  1.01115551E-08 10 2
  460.  193.  9.8770343E-09  9.8770343E-09 10 2
  460.  195.  9.65060831E-09  9.65060831E-09 10 2
  460.  197.  9.4319077E-09  9.4319077E-09 10 2
  460.  199.  9.22058341E-09  9.22058341E-09 10 2
  470.  1.  0.  0. 10 2
  470.  3.  0.  0. 10 2
  470.  5.  0.  0. 10 2
  470.  7.  0.  0. 10 2
  470.  9.  0.  0. 10 2
  470.  11.  0.000226253673  0.000226253673 10 2
  470.  13.  1.3988245E-05  1.3988245E-05 10 2
  470.  15.  6.72580381E-06  6.72580381E-06 10 2
  470.  17.  8.20941841E-06  8.20941841E-06 10 2
  470.  19.  5.29366571E-06  5.29366571E-06 10 2
  470.  21.  6.56186876E-06  6.56186876E-06 10 2
  470.  23.  8.49572098E-06  8.49572098E-06 10 2
  470.  25.  5.90528771E-06  5.90528771E-06 10 2
  470.  27.  3.22491428E-06  3.22491428E-06 10 2
  470.  29.  1.93390133E-06  1.93390133E-06 10 2
  470.  31.  1.32381831E-06  1.32381831E-06 10 2
  470.  33.  1.01751232E-06  1.01751232E-06 10 2
  470.  35.  8.53014797E-07  8.53014797E-07 10 2
  470.  37.  7.44131228E-07  7.44131228E-07 10 2
  470.  39.  6.46973092E-07  6.46973092E-07 10 2
  470.  41.  5.58556394E-07  5.58556394E-07 10 2
  470.  43.  4.90322293E-07  4.90322293E-07 10 2
  470.  45.  4.45103069E-07  4.45103069E-07 10 2
  470.  47.  4.1601146E-07  4.1601146E-07 10 2
  470.  49.  3.91095568E-07  3.91095568E-07 10 2
  470.  51.  3.59597038E-07  3.59597038E-07 10 2
  470.  53.  3.18931598E-07  3.18931598E-07 10 2
  470.  55.  2.7450335E-07  2.7450335E-07 10 2
  470.  57.  2.32819687E-07  2.32819687E-07 10 2
  470.  59.  1.97206973E-07  1.97206973E-07 10 2
  470.  61.  1.681328E-07  1.681328E-07 10 2
  470.  63.  1.44764016E-07  1.44764016E-07 10 2
  470.  65.  1.25973131E-07  1.25973131E-07 10 2
  470.  67.  1.10740586E-07  1.10740586E-07 10 2
  470.  69.  9.82533308E-08  9.82533308E-08 10 2
  470.  71.  8.78929143E-08  8.78929143E-08 10 2
  470.  73.  7.9195928E-08  7.9195928E-08 10 2
  470.  75.  7.1815272E-08  7.1815272E-08 10 2
  470.  77.  6.54890968E-08  6.54890968E-08 10 2
  470.  79.  6.00178325E-08  6.00178325E-08 10 2
  470.  81.  5.52476287E-08  5.52476287E-08 10 2
  470.  83.  5.10583824E-08  5.10583824E-08 10 2
  470.  85.  4.73552646E-08  4.73552646E-08 10 2
  470.  87.  4.40625527E-08  4.40625527E-08 10 2
  470.  89.  4.11191436E-08  4.11191436E-08 10 2
  470.  91.  3.84752319E-08  3.84752319E-08 10 2
  470.  93.  3.60898547E-08  3.60898547E-08 10 2
  470.  95.  3.39290445E-08  3.39290445E-08 10 2
  470.  97.  3.19644045E-08  3.19644045E-08 10 2
  470.  99.  3.01720178E-08  3.01720178E-08 10 2
  470.  101.  2.85316322E-08  2.85316322E-08 10 2
  470.  103.  2.70259566E-08  2.70259566E-08 10 2
  470.  105.  2.56401709E-08  2.56401709E-08 10 2
  470.  107.  2.43614888E-08  2.43614888E-08 10 2
  470.  109.  2.31788349E-08  2.31788349E-08 10 2
  470.  111.  2.20825651E-08  2.20825651E-08 10 2
  470.  113.  2.10642455E-08  2.10642455E-08 10 2
  470.  115.  2.01164738E-08  2.01164738E-08 10 2
  470.  117.  1.92327239E-08  1.92327239E-08 10 2
  470.  119.  1.8407226E-08  1.8407226E-08 10 2
  470.  121.  1.76348589E-08  1.76348589E-08 10 2
  470.  123.  1.69110663E-08  1.69110663E-08 10 2
  470.  125.  1.6231775E-08  1.6231775E-08 10 2
  470.  127.  1.55933435E-08  1.55933435E-08 10 2
  470.  129.  1.49924979E-08  1.49924979E-08 10 2
  470.  131.  1.4426293E-08  1.4426293E-08 10 2
  470.  133.  1.38920733E-08  1.38920733E-08 10 2
  470.  135.  1.33874352E-08  1.33874352E-08 10 2
  470.  137.  1.29102E-08  1.29102E-08 10 2
  470.  139.  1.24583899E-08  1.24583899E-08 10 2
  470.  141.  1.20302044E-08  1.20302044E-08 10 2
  470.  143.  1.16240031E-08  1.16240031E-08 10 2
  470.  145.  1.12382859E-08  1.12382859E-08 10 2
  470.  147.  1.08716813E-08  1.08716813E-08 10 2
  470.  149.  1.05229319E-08  1.05229319E-08 10 2
  470.  151.  1.01908828E-08  1.01908828E-08 10 2
  470.  153.  9.87447191E-09  9.87447191E-09 10 2
  470.  155.  9.57272306E-09  9.57272306E-09 10 2
  470.  157.  9.28473298E-09  9.28473298E-09 10 2
  470.  159.  9.00967034E-09  9.00967034E-09 10 2
  470.  161.  8.74676509E-09  8.74676509E-09 10 2
  470.  163.  8.49530402E-09  8.49530402E-09 10 2
  470.  165.  8.25462632E-09  8.25462632E-09 10 2
  470.  167.  8.02411915E-09  8.02411915E-09 10 2
  470.  169.  7.8032123E-09  7.8032123E-09 10 2
  470.  171.  7.59137464E-09  7.59137464E-09 10 2
  470.  173.  7.38811368E-09  7.38811368E-09 10 2
  470.  175.  7.192968E-09  7.192968E-09 10 2
  470.  177.  7.00550862E-09  7.00550862E-09 10 2
  470.  179.  6.82533408E-09  6.82533408E-09 10 2
  470.  181.  6.65206867E-09  6.65206867E-09 10 2
  470.  183.  6.48536114E-09  6.48536114E-09 10 2
  470.  185.  6.32488328E-09  6.32488328E-09 10 2
  470.  187.  6.1703247E-09  6.1703247E-09 10 2
  470.  189.  6.02139805E-09  6.02139805E-09 10 2
  470.  191.  5.87782978E-09  5.87782978E-09 10 2
  470.  193.  5.73936543E-09  5.73936543E-09 10 2
  470.  195.  5.60576341E-09  5.60576341E-09 10 2
  470.  197.  5.47679813E-09  5.47679813E-09 10 2
  470.  199.  5.35225597E-09  5.35225597E-09 10 2
  480.  1.  0.  0. 10 2
  480.  3.  0.  0. 10 2
  480.  5.  0.  0. 10 2
  480.  7.  0.  0. 10 2
  480.  9.  0.  0. 10 2
  480.  11.  0.000114868155  0.000114868155 10 2
  480.  13.  6.94624123E-06  6.94624123E-06 10 2
  480.  15.  3.04428659E-06  3.04428659E-06 10 2
  480.  17.  3.41449208E-06  3.41449208E-06 10 2
  480.  19.  2.07368907E-06  2.07368907E-06 10 2
  480.  21.  2.36403548E-06  2.36403548E-06 10 2
  480.  23.  2.95809787E-06  2.95809787E-06 10 2
  480.  25.  2.10638837E-06  2.10638837E-06 10 2
  480.  27.  1.24523262E-06  1.24523262E-06 10 2
  480.  29.  8.55926203E-07  8.55926203E-07 10 2
  480.  31.  7.08005416E-07  7.08005416E-07 10 2
  480.  33.  6.75778324E-07  6.75778324E-07 10 2
  480.  35.  6.89559386E-07  6.89559386E-07 10 2
  480.  37.  6.86083467E-07  6.86083467E-07 10 2
  480.  39.  6.29095268E-07  6.29095268E-07 10 2
  480.  41.  5.39864459E-07  5.39864459E-07 10 2
  480.  43.  4.57178572E-07  4.57178572E-07 10 2
  480.  45.  3.97609256E-07  3.97609256E-07 10 2
  480.  47.  3.58099101E-07  3.58099101E-07 10 2
  480.  49.  3.27473998E-07  3.27473998E-07 10 2
  480.  51.  2.95072994E-07  2.95072994E-07 10 2
  480.  53.  2.57437932E-07  2.57437932E-07 10 2
  480.  55.  2.1820928E-07  2.1820928E-07 10 2
  480.  57.  1.82260635E-07  1.82260635E-07 10 2
  480.  59.  1.52011879E-07  1.52011879E-07 10 2
  480.  61.  1.27623835E-07  1.27623835E-07 10 2
  480.  63.  1.08252436E-07  1.08252436E-07 10 2
  480.  65.  9.28597075E-08  9.28597075E-08 10 2
  480.  67.  8.05312297E-08  8.05312297E-08 10 2
  480.  69.  7.05467684E-08  7.05467684E-08 10 2
  480.  71.  6.23627514E-08  6.23627514E-08 10 2
  480.  73.  5.55745139E-08  5.55745139E-08 10 2
  480.  75.  4.9880768E-08  4.9880768E-08 10 2
  480.  77.  4.50556037E-08  4.50556037E-08 10 2
  480.  79.  4.09279579E-08  4.09279579E-08 10 2
  480.  81.  3.73668101E-08  3.73668101E-08 10 2
  480.  83.  3.42706095E-08  3.42706095E-08 10 2
  480.  85.  3.15597823E-08  3.15597823E-08 10 2
  480.  87.  2.91712521E-08  2.91712521E-08 10 2
  480.  89.  2.70545115E-08  2.70545115E-08 10 2
  480.  91.  2.51687258E-08  2.51687258E-08 10 2
  480.  93.  2.34805686E-08  2.34805686E-08 10 2
  480.  95.  2.19626308E-08  2.19626308E-08 10 2
  480.  97.  2.0592168E-08  2.0592168E-08 10 2
  480.  99.  1.93501837E-08  1.93501837E-08 10 2
  480.  101.  1.82207067E-08  1.82207067E-08 10 2
  480.  103.  1.71902119E-08  1.71902119E-08 10 2
  480.  105.  1.62471885E-08  1.62471885E-08 10 2
  480.  107.  1.53817776E-08  1.53817776E-08 10 2
  480.  109.  1.45854999E-08  1.45854999E-08 10 2
  480.  111.  1.38510243E-08  1.38510243E-08 10 2
  480.  113.  1.31719782E-08  1.31719782E-08 10 2
  480.  115.  1.25428121E-08  1.25428121E-08 10 2
  480.  117.  1.19586581E-08  1.19586581E-08 10 2
  480.  119.  1.14152403E-08  1.14152403E-08 10 2
  480.  121.  1.09087894E-08  1.09087894E-08 10 2
  480.  123.  1.04359659E-08  1.04359659E-08 10 2
  480.  125.  9.99380489E-09  9.99380489E-09 10 2
  480.  127.  9.57966684E-09  9.57966684E-09 10 2
  480.  129.  9.19119536E-09  9.19119536E-09 10 2
  480.  131.  8.82627926E-09  8.82627926E-09 10 2
  480.  133.  8.48302228E-09  8.48302228E-09 10 2
  480.  135.  8.15971823E-09  8.15971823E-09 10 2
  480.  137.  7.85482968E-09  7.85482968E-09 10 2
  480.  139.  7.56696306E-09  7.56696306E-09 10 2
  480.  141.  7.2948585E-09  7.2948585E-09 10 2
  480.  143.  7.0373698E-09  7.0373698E-09 10 2
  480.  145.  6.79345735E-09  6.79345735E-09 10 2
  480.  147.  6.56216992E-09  6.56216992E-09 10 2
  480.  149.  6.34264108E-09  6.34264108E-09 10 2
  480.  151.  6.13407858E-09  6.13407858E-09 10 2
  480.  153.  5.935755E-09  5.935755E-09 10 2
  480.  155.  5.74700421E-09  5.74700421E-09 10 2
  480.  157.  5.56721247E-09  5.56721247E-09 10 2
  480.  159.  5.39581757E-09  5.39581757E-09 10 2
  480.  161.  5.23229771E-09  5.23229771E-09 10 2
  480.  163.  5.07617415E-09  5.07617415E-09 10 2
  480.  165.  4.92700281E-09  4.92700281E-09 10 2
  480.  167.  4.78437334E-09  4.78437334E-09 10 2
  480.  169.  4.64790473E-09  4.64790473E-09 10 2
  480.  171.  4.51724524E-09  4.51724524E-09 10 2
  480.  173.  4.39206582E-09  4.39206582E-09 10 2
  480.  175.  4.2720627E-09  4.2720627E-09 10 2
  480.  177.  4.15695167E-09  4.15695167E-09 10 2
  480.  179.  4.04646761E-09  4.04646761E-09 10 2
  480.  181.  3.94036537E-09  3.94036537E-09 10 2
  480.  183.  3.83841314E-09  3.83841314E-09 10 2
  480.  185.  3.74039688E-09  3.74039688E-09 10 2
  480.  187.  3.6461143E-09  3.6461143E-09 10 2
  480.  189.  3.5553771E-09  3.5553771E-09 10 2
  480.  191.  3.46800832E-09  3.46800832E-09 10 2
  480.  193.  3.38384276E-09  3.38384276E-09 10 2
  480.  195.  3.30272409E-09  3.30272409E-09 10 2
  480.  197.  3.22450644E-09  3.22450644E-09 10 2
  480.  199.  3.14905191E-09  3.14905191E-09 10 2
  490.  1.  0.  0. 10 2
  490.  3.  0.  0. 10 2
  490.  5.  0.  0. 10 2
  490.  7.  0.  0. 10 2
  490.  9.  0.  0. 10 2
  490.  11.  4.53867506E-05  4.53867506E-05 10 2
  490.  13.  2.68962481E-06  2.68962481E-06 10 2
  490.  15.  1.04567198E-06  1.04567198E-06 10 2
  490.  17.  1.00670434E-06  1.00670434E-06 10 2
  490.  19.  5.59384546E-07  5.59384546E-07 10 2
  490.  21.  5.16710315E-07  5.16710315E-07 10 2
  490.  23.  5.7842658E-07  5.7842658E-07 10 2
  490.  25.  4.77433559E-07  4.77433559E-07 10 2
  490.  27.  3.95431101E-07  3.95431101E-07 10 2
  490.  29.  3.96626689E-07  3.96626689E-07 10 2
  490.  31.  4.53713056E-07  4.53713056E-07 10 2
  490.  33.  5.47470279E-07  5.47470279E-07 10 2
  490.  35.  6.45526654E-07  6.45526654E-07 10 2
  490.  37.  6.90325692E-07  6.90325692E-07 10 2
  490.  39.  6.46290914E-07  6.46290914E-07 10 2
  490.  41.  5.47501372E-07  5.47501372E-07 10 2
  490.  43.  4.4840391E-07  4.4840391E-07 10 2
  490.  45.  3.73473597E-07  3.73473597E-07 10 2
  490.  47.  3.22031184E-07  3.22031184E-07 10 2
  490.  49.  2.83912129E-07  2.83912129E-07 10 2
  490.  51.  2.49077118E-07  2.49077118E-07 10 2
  490.  53.  2.13410431E-07  2.13410431E-07 10 2
  490.  55.  1.78646417E-07  1.78646417E-07 10 2
  490.  57.  1.47799497E-07  1.47799497E-07 10 2
  490.  59.  1.22256864E-07  1.22256864E-07 10 2
  490.  61.  1.01844698E-07  1.01844698E-07 10 2
  490.  63.  8.57246221E-08  8.57246221E-08 10 2
  490.  65.  7.29741743E-08  7.29741743E-08 10 2
  490.  67.  6.28059027E-08  6.28059027E-08 10 2
  490.  69.  5.46071384E-08  5.46071384E-08 10 2
  490.  71.  4.79179789E-08  4.79179789E-08 10 2
  490.  73.  4.23968309E-08  4.23968309E-08 10 2
  490.  75.  3.77896185E-08  3.77896185E-08 10 2
  490.  77.  3.39059483E-08  3.39059483E-08 10 2
  490.  79.  3.06017292E-08  3.06017292E-08 10 2
  490.  81.  2.77666476E-08  2.77666476E-08 10 2
  490.  83.  2.53153143E-08  2.53153143E-08 10 2
  490.  85.  2.31808883E-08  2.31808883E-08 10 2
  490.  87.  2.13104769E-08  2.13104769E-08 10 2
  490.  89.  1.966181E-08  1.966181E-08 10 2
  490.  91.  1.82007813E-08  1.82007813E-08 10 2
  490.  93.  1.68996426E-08  1.68996426E-08 10 2
  490.  95.  1.57356137E-08  1.57356137E-08 10 2
  490.  97.  1.46898618E-08  1.46898618E-08 10 2
  490.  99.  1.37467024E-08  1.37467024E-08 10 2
  490.  101.  1.28929862E-08  1.28929862E-08 10 2
  490.  103.  1.21176251E-08  1.21176251E-08 10 2
  490.  105.  1.14112044E-08  1.14112044E-08 10 2
  490.  107.  1.07656968E-08  1.07656968E-08 10 2
  490.  109.  1.01742206E-08  1.01742206E-08 10 2
  490.  111.  9.63084457E-09  9.63084457E-09 10 2
  490.  113.  9.13043507E-09  9.13043507E-09 10 2
  490.  115.  8.66853433E-09  8.66853433E-09 10 2
  490.  117.  8.24125124E-09  8.24125124E-09 10 2
  490.  119.  7.84517518E-09  7.84517518E-09 10 2
  490.  121.  7.47731299E-09  7.47731299E-09 10 2
  490.  123.  7.13502013E-09  7.13502013E-09 10 2
  490.  125.  6.81596113E-09  6.81596113E-09 10 2
  490.  127.  6.51805987E-09  6.51805987E-09 10 2
  490.  129.  6.23947072E-09  6.23947072E-09 10 2
  490.  131.  5.97854566E-09  5.97854566E-09 10 2
  490.  133.  5.73381032E-09  5.73381032E-09 10 2
  490.  135.  5.50394086E-09  5.50394086E-09 10 2
  490.  137.  5.28774935E-09  5.28774935E-09 10 2
  490.  139.  5.08416242E-09  5.08416242E-09 10 2
  490.  141.  4.89221152E-09  4.89221152E-09 10 2
  490.  143.  4.71102002E-09  4.71102002E-09 10 2
  490.  145.  4.53979387E-09  4.53979387E-09 10 2
  490.  147.  4.37780967E-09  4.37780967E-09 10 2
  490.  149.  4.22440971E-09  4.22440971E-09 10 2
  490.  151.  4.07899403E-09  4.07899403E-09 10 2
  490.  153.  3.94101418E-09  3.94101418E-09 10 2
  490.  155.  3.80996923E-09  3.80996923E-09 10 2
  490.  157.  3.68539821E-09  3.68539821E-09 10 2
  490.  159.  3.56687968E-09  3.56687968E-09 10 2
  490.  161.  3.45402551E-09  3.45402551E-09 10 2
  490.  163.  3.34647843E-09  3.34647843E-09 10 2
  490.  165.  3.24390848E-09  3.24390848E-09 10 2
  490.  167.  3.14601212E-09  3.14601212E-09 10 2
  490.  169.  3.0525078E-09  3.0525078E-09 10 2
  490.  171.  2.96313529E-09  2.96313529E-09 10 2
  490.  173.  2.87765323E-09  2.87765323E-09 10 2
  490.  175.  2.79583845E-09  2.79583845E-09 10 2
  490.  177.  2.71748268E-09  2.71748268E-09 10 2
  490.  179.  2.64239275E-09  2.64239275E-09 10 2
  490.  181.  2.57038901E-09  2.57038901E-09 10 2
  490.  183.  2.50130361E-09  2.50130361E-09 10 2
  490.  185.  2.43498044E-09  2.43498044E-09 10 2
  490.  187.  2.37127362E-09  2.37127362E-09 10 2
  490.  189.  2.31004638E-09  2.31004638E-09 10 2
  490.  191.  2.25117125E-09  2.25117125E-09 10 2
  490.  193.  2.194529E-09  2.194529E-09 10 2
  490.  195.  2.14000728E-09  2.14000728E-09 10 2
  490.  197.  2.0875015E-09  2.0875015E-09 10 2
  490.  199.  2.03691286E-09  2.03691286E-09 10 2
